"ARCILLAS DE ALTA TEMPERATURA  ESCULTURA Y MURALES (GRES Y PORCELANA) (1260º - 1280º)";"PE-CH";"GRES AUTOBARNIZ PE-CH MARRÓN 1280º 12.5 KG";9.0360;0.0;9.0360;"BLOQUES";12.5000;16.0000;3405
"ARCILLAS DE ALTA TEMPERATURA  ESCULTURA Y MURALES (GRES Y PORCELANA) (1260º - 1280º)";"PE-CH";"GRES AUTOBARNIZ PE-CH MARRÓN 1280º 12.5 KG";9.0360;8.0000;8.1300;"BLOQUES";12.5000;16.0000;3405
"ARCILLAS DE ALTA TEMPERATURA  ESCULTURA Y MURALES (GRES Y PORCELANA) (1260º - 1280º)";"PE-CH";"GRES AUTOBARNIZ PE-CH MARRÓN 1280º 12.5 KG";9.0360;40.0000;7.2300;"BLOQUES";12.5000;16.0000;3405
"ARCILLAS DE ALTA TEMPERATURA  ESCULTURA Y MURALES (GRES Y PORCELANA) (1260º - 1280º)";"PE-CH";"GRES AUTOBARNIZ PE-CH MARRÓN 1280º 12.5 KG";9.0360;96.0000;6.3200;"BLOQUES";12.5000;16.0000;3405
"ARCILLAS DE ALTA TEMPERATURA  ESCULTURA Y MURALES (GRES Y PORCELANA) (1260º - 1280º)";"PE-NT";"GRES AUTOBARNIZ PE-NT NEGRO METÁLICO 1280º 12.5 KG";12.8500;0.0;12.8500;"BLOQUES";12.5000;16.0000;3406
"ARCILLAS DE ALTA TEMPERATURA  ESCULTURA Y MURALES (GRES Y PORCELANA) (1260º - 1280º)";"PE-NT";"GRES AUTOBARNIZ PE-NT NEGRO METÁLICO 1280º 12.5 KG";12.8500;8.0000;11.5700;"BLOQUES";12.5000;16.0000;3406
"ARCILLAS DE ALTA TEMPERATURA  ESCULTURA Y MURALES (GRES Y PORCELANA) (1260º - 1280º)";"PE-NT";"GRES AUTOBARNIZ PE-NT NEGRO METÁLICO 1280º 12.5 KG";12.8500;40.0000;10.2800;"BLOQUES";12.5000;16.0000;3406
"ARCILLAS DE ALTA TEMPERATURA  ESCULTURA Y MURALES (GRES Y PORCELANA) (1260º - 1280º)";"PE-NT";"GRES AUTOBARNIZ PE-NT NEGRO METÁLICO 1280º 12.5 KG";12.8500;96.0000;9.0000;"BLOQUES";12.5000;16.0000;3406
"ARCILLAS DE ALTA TEMPERATURA  ESCULTURA Y MURALES (GRES Y PORCELANA) (1260º - 1280º)";"PRAF*E";"GRES BLANCO CHAM. FINA PRAF*E 12,5kg";8.7100;0.0;8.7100;"BLOQUE";12.5000;16.0000;25
"ARCILLAS DE ALTA TEMPERATURA  ESCULTURA Y MURALES (GRES Y PORCELANA) (1260º - 1280º)";"PRAF*E";"GRES BLANCO CHAM. FINA PRAF*E 12,5kg";8.7100;9.0000;7.0500;"BLOQUE";12.5000;16.0000;25
"ARCILLAS DE ALTA TEMPERATURA  ESCULTURA Y MURALES (GRES Y PORCELANA) (1260º - 1280º)";"PRAF*E";"GRES BLANCO CHAM. FINA PRAF*E 12,5kg";8.7100;40.0000;6.2700;"BLOQUE";12.5000;16.0000;25
"ARCILLAS DE ALTA TEMPERATURA  ESCULTURA Y MURALES (GRES Y PORCELANA) (1260º - 1280º)";"PRAF*E";"GRES BLANCO CHAM. FINA PRAF*E 12,5kg";8.7100;96.0000;5.4900;"BLOQUE";12.5000;16.0000;25
"ARCILLAS DE ALTA TEMPERATURA  ESCULTURA Y MURALES (GRES Y PORCELANA) (1260º - 1280º)";"CH-B";"GRES BLANCO CH-B 12.5 KG.";15.3428;0.0;15.3428;"BLOQUE";12.5000;16.0000;17
"ARCILLAS DE ALTA TEMPERATURA  ESCULTURA Y MURALES (GRES Y PORCELANA) (1260º - 1280º)";"CH-B";"GRES BLANCO CH-B 12.5 KG.";15.3428;9.0000;13.8100;"BLOQUE";12.5000;16.0000;17
"ARCILLAS DE ALTA TEMPERATURA  ESCULTURA Y MURALES (GRES Y PORCELANA) (1260º - 1280º)";"CH-B";"GRES BLANCO CH-B 12.5 KG.";15.3428;40.0000;12.2700;"BLOQUE";12.5000;16.0000;17
"ARCILLAS DE ALTA TEMPERATURA  ESCULTURA Y MURALES (GRES Y PORCELANA) (1260º - 1280º)";"CH-B";"GRES BLANCO CH-B 12.5 KG.";15.3428;90.0000;10.7400;"BLOQUE";12.5000;16.0000;17
"ARCILLAS DE ALTA TEMPERATURA  ESCULTURA Y MURALES (GRES Y PORCELANA) (1260º - 1280º)";"3414";"GRES BLANCO CH. FINA WSZ 2005  10KG";10.6600;0.0;10.6600;"BLOQUE";10.0000;16.0000;3414
"ARCILLAS DE ALTA TEMPERATURA  ESCULTURA Y MURALES (GRES Y PORCELANA) (1260º - 1280º)";"3414";"GRES BLANCO CH. FINA WSZ 2005  10KG";10.6600;10.0000;9.5900;"BLOQUE";10.0000;16.0000;3414
"ARCILLAS DE ALTA TEMPERATURA  ESCULTURA Y MURALES (GRES Y PORCELANA) (1260º - 1280º)";"3414";"GRES BLANCO CH. FINA WSZ 2005  10KG";10.6600;50.0000;8.5300;"BLOQUE";10.0000;16.0000;3414
"ARCILLAS DE ALTA TEMPERATURA  ESCULTURA Y MURALES (GRES Y PORCELANA) (1260º - 1280º)";"3414";"GRES BLANCO CH. FINA WSZ 2005  10KG";10.6600;100.0000;7.4600;"BLOQUE";10.0000;16.0000;3414
"ARCILLAS DE ALTA TEMPERATURA  ESCULTURA Y MURALES (GRES Y PORCELANA) (1260º - 1280º)";"PRAM*E";"GRES BLANCO CH MEDIA PRAM*E 12,5kg";8.0600;0.0;8.0600;"BLOQUE";12.5000;16.0000;26
"ARCILLAS DE ALTA TEMPERATURA  ESCULTURA Y MURALES (GRES Y PORCELANA) (1260º - 1280º)";"PRAM*E";"GRES BLANCO CH MEDIA PRAM*E 12,5kg";8.0600;9.0000;7.2500;"BLOQUE";12.5000;16.0000;26
"ARCILLAS DE ALTA TEMPERATURA  ESCULTURA Y MURALES (GRES Y PORCELANA) (1260º - 1280º)";"PRAM*E";"GRES BLANCO CH MEDIA PRAM*E 12,5kg";8.0600;40.0000;6.4500;"BLOQUE";12.5000;16.0000;26
"ARCILLAS DE ALTA TEMPERATURA  ESCULTURA Y MURALES (GRES Y PORCELANA) (1260º - 1280º)";"PRAM*E";"GRES BLANCO CH MEDIA PRAM*E 12,5kg";8.0600;96.0000;5.6400;"BLOQUE";12.5000;16.0000;26
"ARCILLAS DE ALTA TEMPERATURA  ESCULTURA Y MURALES (GRES Y PORCELANA) (1260º - 1280º)";"3412";"GRES BLANCO WB 03999 10KG";10.7200;0.0;10.7200;"BLOQUE";10.0000;16.0000;3412
"ARCILLAS DE ALTA TEMPERATURA  ESCULTURA Y MURALES (GRES Y PORCELANA) (1260º - 1280º)";"3412";"GRES BLANCO WB 03999 10KG";10.7200;10.0000;9.6500;"BLOQUE";10.0000;16.0000;3412
"ARCILLAS DE ALTA TEMPERATURA  ESCULTURA Y MURALES (GRES Y PORCELANA) (1260º - 1280º)";"3412";"GRES BLANCO WB 03999 10KG";10.7200;50.0000;8.5800;"BLOQUE";10.0000;16.0000;3412
"ARCILLAS DE ALTA TEMPERATURA  ESCULTURA Y MURALES (GRES Y PORCELANA) (1260º - 1280º)";"3412";"GRES BLANCO WB 03999 10KG";10.7200;100.0000;7.5000;"BLOQUE";10.0000;16.0000;3412
"ARCILLAS DE ALTA TEMPERATURA  ESCULTURA Y MURALES (GRES Y PORCELANA) (1260º - 1280º)";"2375";"GRES CAQUI MOTEADO CHAMOTA FINA WMS 2005B (10KG)";10.3700;0.0;10.3700;"BLOQUE";10.0000;16.0000;2375
"ARCILLAS DE ALTA TEMPERATURA  ESCULTURA Y MURALES (GRES Y PORCELANA) (1260º - 1280º)";"2375";"GRES CAQUI MOTEADO CHAMOTA FINA WMS 2005B (10KG)";10.3700;10.0000;9.3300;"BLOQUE";10.0000;16.0000;2375
"ARCILLAS DE ALTA TEMPERATURA  ESCULTURA Y MURALES (GRES Y PORCELANA) (1260º - 1280º)";"2375";"GRES CAQUI MOTEADO CHAMOTA FINA WMS 2005B (10KG)";10.3700;50.0000;8.3000;"BLOQUE";10.0000;16.0000;2375
"ARCILLAS DE ALTA TEMPERATURA  ESCULTURA Y MURALES (GRES Y PORCELANA) (1260º - 1280º)";"2375";"GRES CAQUI MOTEADO CHAMOTA FINA WMS 2005B (10KG)";10.3700;100.0000;7.2600;"BLOQUE";10.0000;16.0000;2375
"ARCILLAS DE ALTA TEMPERATURA  ESCULTURA Y MURALES (GRES Y PORCELANA) (1260º - 1280º)";"CH";"GRES CHAMOTA MEDIA CH 12,5 KG";8.2200;0.0;8.2200;"BLOQUE";12.5000;16.0000;27
"ARCILLAS DE ALTA TEMPERATURA  ESCULTURA Y MURALES (GRES Y PORCELANA) (1260º - 1280º)";"CH";"GRES CHAMOTA MEDIA CH 12,5 KG";8.2200;9.0000;7.4000;"BLOQUE";12.5000;16.0000;27
"ARCILLAS DE ALTA TEMPERATURA  ESCULTURA Y MURALES (GRES Y PORCELANA) (1260º - 1280º)";"CH";"GRES CHAMOTA MEDIA CH 12,5 KG";8.2200;40.0000;6.5800;"BLOQUE";12.5000;16.0000;27
"ARCILLAS DE ALTA TEMPERATURA  ESCULTURA Y MURALES (GRES Y PORCELANA) (1260º - 1280º)";"CH";"GRES CHAMOTA MEDIA CH 12,5 KG";8.2200;90.0000;5.7500;"BLOQUE";12.5000;16.0000;27
"ARCILLAS DE ALTA TEMPERATURA  ESCULTURA Y MURALES (GRES Y PORCELANA) (1260º - 1280º)";"CH-R";"GRES CHAMOTA MEDIA ROJO CH-R 12,5 KG";9.1000;0.0;9.1000;"BLOQUES";12.5000;16.0000;18
"ARCILLAS DE ALTA TEMPERATURA  ESCULTURA Y MURALES (GRES Y PORCELANA) (1260º - 1280º)";"CH-R";"GRES CHAMOTA MEDIA ROJO CH-R 12,5 KG";9.1000;9.0000;10.2300;"BLOQUES";12.5000;16.0000;18
"ARCILLAS DE ALTA TEMPERATURA  ESCULTURA Y MURALES (GRES Y PORCELANA) (1260º - 1280º)";"CH-R";"GRES CHAMOTA MEDIA ROJO CH-R 12,5 KG";9.1000;40.0000;9.6900;"BLOQUES";12.5000;16.0000;18
"ARCILLAS DE ALTA TEMPERATURA  ESCULTURA Y MURALES (GRES Y PORCELANA) (1260º - 1280º)";"CH-R";"GRES CHAMOTA MEDIA ROJO CH-R 12,5 KG";9.1000;96.0000;9.0800;"BLOQUES";12.5000;16.0000;18
"ARCILLAS DE ALTA TEMPERATURA  ESCULTURA Y MURALES (GRES Y PORCELANA) (1260º - 1280º)";"CH-Z";"GRES CH. GRUESA, CH-Z 12.5 KG";8.9200;0.0;8.9200;"bloques";12.5000;16.0000;1018
"ARCILLAS DE ALTA TEMPERATURA  ESCULTURA Y MURALES (GRES Y PORCELANA) (1260º - 1280º)";"CH-Z";"GRES CH. GRUESA, CH-Z 12.5 KG";8.9200;9.0000;8.0300;"bloques";12.5000;16.0000;1018
"ARCILLAS DE ALTA TEMPERATURA  ESCULTURA Y MURALES (GRES Y PORCELANA) (1260º - 1280º)";"CH-Z";"GRES CH. GRUESA, CH-Z 12.5 KG";8.9200;40.0000;7.1400;"bloques";12.5000;16.0000;1018
"ARCILLAS DE ALTA TEMPERATURA  ESCULTURA Y MURALES (GRES Y PORCELANA) (1260º - 1280º)";"CH-Z";"GRES CH. GRUESA, CH-Z 12.5 KG";8.9200;96.0000;6.2400;"bloques";12.5000;16.0000;1018
"ARCILLAS DE ALTA TEMPERATURA  ESCULTURA Y MURALES (GRES Y PORCELANA) (1260º - 1280º)";"CH-3";"GRES CH. MUY GRUESA, CH-3 12,5 KG";8.5000;0.0;8.5000;"BLOQUE";12.5000;16.0000;29
"ARCILLAS DE ALTA TEMPERATURA  ESCULTURA Y MURALES (GRES Y PORCELANA) (1260º - 1280º)";"CH-3";"GRES CH. MUY GRUESA, CH-3 12,5 KG";8.5000;9.0000;9.4800;"BLOQUE";12.5000;16.0000;29
"ARCILLAS DE ALTA TEMPERATURA  ESCULTURA Y MURALES (GRES Y PORCELANA) (1260º - 1280º)";"CH-3";"GRES CH. MUY GRUESA, CH-3 12,5 KG";8.5000;40.0000;8.9500;"BLOQUE";12.5000;16.0000;29
"ARCILLAS DE ALTA TEMPERATURA  ESCULTURA Y MURALES (GRES Y PORCELANA) (1260º - 1280º)";"CH-3";"GRES CH. MUY GRUESA, CH-3 12,5 KG";8.5000;96.0000;8.4300;"BLOQUE";12.5000;16.0000;29
"ARCILLAS DE ALTA TEMPERATURA  ESCULTURA Y MURALES (GRES Y PORCELANA) (1260º - 1280º)";"CH-N";"GRES CH, NEGRO 1200º CH-N 12,5 KG";10.3400;0.0;10.3400;"KG";12.5000;16.0000;19
"ARCILLAS DE ALTA TEMPERATURA  ESCULTURA Y MURALES (GRES Y PORCELANA) (1260º - 1280º)";"CH-N";"GRES CH, NEGRO 1200º CH-N 12,5 KG";10.3400;9.0000;9.3100;"KG";12.5000;16.0000;19
"ARCILLAS DE ALTA TEMPERATURA  ESCULTURA Y MURALES (GRES Y PORCELANA) (1260º - 1280º)";"CH-N";"GRES CH, NEGRO 1200º CH-N 12,5 KG";10.3400;40.0000;8.2700;"KG";12.5000;16.0000;19
"ARCILLAS DE ALTA TEMPERATURA  ESCULTURA Y MURALES (GRES Y PORCELANA) (1260º - 1280º)";"CH-N";"GRES CH, NEGRO 1200º CH-N 12,5 KG";10.3400;96.0000;7.2400;"KG";12.5000;16.0000;19
"ARCILLAS DE ALTA TEMPERATURA  ESCULTURA Y MURALES (GRES Y PORCELANA) (1260º - 1280º)";"CT";"GRES CT 12.5 KG";8.2200;0.0;8.2200;"BLOQUES";12.5000;16.0000;28
"ARCILLAS DE ALTA TEMPERATURA  ESCULTURA Y MURALES (GRES Y PORCELANA) (1260º - 1280º)";"CT";"GRES CT 12.5 KG";8.2200;9.0000;7.4000;"BLOQUES";12.5000;16.0000;28
"ARCILLAS DE ALTA TEMPERATURA  ESCULTURA Y MURALES (GRES Y PORCELANA) (1260º - 1280º)";"CT";"GRES CT 12.5 KG";8.2200;40.0000;6.5800;"BLOQUES";12.5000;16.0000;28
"ARCILLAS DE ALTA TEMPERATURA  ESCULTURA Y MURALES (GRES Y PORCELANA) (1260º - 1280º)";"CT";"GRES CT 12.5 KG";8.2200;96.0000;5.7500;"BLOQUES";12.5000;16.0000;28
"ARCILLAS DE ALTA TEMPERATURA  ESCULTURA Y MURALES (GRES Y PORCELANA) (1260º - 1280º)";"3409";"GRES DE PUISAGE GT 110 P 10KG";13.6100;0.0;13.6100;"BLOQUE";10.0000;16.0000;3410
"ARCILLAS DE ALTA TEMPERATURA  ESCULTURA Y MURALES (GRES Y PORCELANA) (1260º - 1280º)";"3409";"GRES DE PUISAGE GT 110 P 10KG";13.6100;10.0000;12.2500;"BLOQUE";10.0000;16.0000;3410
"ARCILLAS DE ALTA TEMPERATURA  ESCULTURA Y MURALES (GRES Y PORCELANA) (1260º - 1280º)";"3409";"GRES DE PUISAGE GT 110 P 10KG";13.6100;50.0000;10.8900;"BLOQUE";10.0000;16.0000;3410
"ARCILLAS DE ALTA TEMPERATURA  ESCULTURA Y MURALES (GRES Y PORCELANA) (1260º - 1280º)";"3409";"GRES DE PUISAGE GT 110 P 10KG";13.6100;100.0000;9.5300;"BLOQUE";10.0000;16.0000;3410
"ARCILLAS DE ALTA TEMPERATURA  ESCULTURA Y MURALES (GRES Y PORCELANA) (1260º - 1280º)";"PRLF";"GRES LILA CH. FINA PRLF 12,5KG";6.7900;0.0;6.7900;"KG";12.5000;16.0000;1463
"ARCILLAS DE ALTA TEMPERATURA  ESCULTURA Y MURALES (GRES Y PORCELANA) (1260º - 1280º)";"PRLF";"GRES LILA CH. FINA PRLF 12,5KG";6.7900;9.0000;5.9900;"KG";12.5000;16.0000;1463
"ARCILLAS DE ALTA TEMPERATURA  ESCULTURA Y MURALES (GRES Y PORCELANA) (1260º - 1280º)";"PRLF";"GRES LILA CH. FINA PRLF 12,5KG";6.7900;40.0000;5.5900;"KG";12.5000;16.0000;1463
"ARCILLAS DE ALTA TEMPERATURA  ESCULTURA Y MURALES (GRES Y PORCELANA) (1260º - 1280º)";"PRLF";"GRES LILA CH. FINA PRLF 12,5KG";6.7900;96.0000;5.2700;"KG";12.5000;16.0000;1463
"ARCILLAS DE ALTA TEMPERATURA  ESCULTURA Y MURALES (GRES Y PORCELANA) (1260º - 1280º)";"PRLM";"GRES LILA CH. MEDIA PRLM 12,5KG";6.7900;0.0;6.7900;"KG";12.5000;16.0000;1462
"ARCILLAS DE ALTA TEMPERATURA  ESCULTURA Y MURALES (GRES Y PORCELANA) (1260º - 1280º)";"PRLM";"GRES LILA CH. MEDIA PRLM 12,5KG";6.7900;9.0000;5.9900;"KG";12.5000;16.0000;1462
"ARCILLAS DE ALTA TEMPERATURA  ESCULTURA Y MURALES (GRES Y PORCELANA) (1260º - 1280º)";"PRLM";"GRES LILA CH. MEDIA PRLM 12,5KG";6.7900;40.0000;5.5900;"KG";12.5000;16.0000;1462
"ARCILLAS DE ALTA TEMPERATURA  ESCULTURA Y MURALES (GRES Y PORCELANA) (1260º - 1280º)";"PRLM";"GRES LILA CH. MEDIA PRLM 12,5KG";6.7900;96.0000;5.2700;"KG";12.5000;16.0000;1462
"ARCILLAS DE ALTA TEMPERATURA  ESCULTURA Y MURALES (GRES Y PORCELANA) (1260º - 1280º)";"PRNF*E";"GRES NEGRO CH FINA PRNF*E 1260º 12,5kg";7.5600;0.0;7.5600;"KG";12.5000;16.0000;20
"ARCILLAS DE ALTA TEMPERATURA  ESCULTURA Y MURALES (GRES Y PORCELANA) (1260º - 1280º)";"PRNF*E";"GRES NEGRO CH FINA PRNF*E 1260º 12,5kg";7.5600;10.0000;6.6700;"KG";12.5000;16.0000;20
"ARCILLAS DE ALTA TEMPERATURA  ESCULTURA Y MURALES (GRES Y PORCELANA) (1260º - 1280º)";"PRNF*E";"GRES NEGRO CH FINA PRNF*E 1260º 12,5kg";7.5600;50.0000;6.2200;"KG";12.5000;16.0000;20
"ARCILLAS DE ALTA TEMPERATURA  ESCULTURA Y MURALES (GRES Y PORCELANA) (1260º - 1280º)";"PRNF*E";"GRES NEGRO CH FINA PRNF*E 1260º 12,5kg";7.5600;80.0000;5.8700;"KG";12.5000;16.0000;20
"ARCILLAS DE ALTA TEMPERATURA  ESCULTURA Y MURALES (GRES Y PORCELANA) (1260º - 1280º)";"PRNM*E";"GRES NEGRO CH MEDIA PRNM*E 1260º 12,5kg";7.5600;0.0;7.5600;"KG";12.5000;16.0000;21
"ARCILLAS DE ALTA TEMPERATURA  ESCULTURA Y MURALES (GRES Y PORCELANA) (1260º - 1280º)";"PRNM*E";"GRES NEGRO CH MEDIA PRNM*E 1260º 12,5kg";7.5600;10.0000;6.6700;"KG";12.5000;16.0000;21
"ARCILLAS DE ALTA TEMPERATURA  ESCULTURA Y MURALES (GRES Y PORCELANA) (1260º - 1280º)";"PRNM*E";"GRES NEGRO CH MEDIA PRNM*E 1260º 12,5kg";7.5600;50.0000;6.2200;"KG";12.5000;16.0000;21
"ARCILLAS DE ALTA TEMPERATURA  ESCULTURA Y MURALES (GRES Y PORCELANA) (1260º - 1280º)";"PRNM*E";"GRES NEGRO CH MEDIA PRNM*E 1260º 12,5kg";7.5600;80.0000;5.8700;"KG";12.5000;16.0000;21
"ARCILLAS DE ALTA TEMPERATURA  ESCULTURA Y MURALES (GRES Y PORCELANA) (1260º - 1280º)";"S-1";"GRES POLVO  S-1 25kg";14.6700;0.0;14.6700;"KG";25.0000;16.0000;32
"ARCILLAS DE ALTA TEMPERATURA  ESCULTURA Y MURALES (GRES Y PORCELANA) (1260º - 1280º)";"S-1";"GRES POLVO  S-1 25kg";14.6700;3.0000;12.5600;"KG";25.0000;16.0000;32
"ARCILLAS DE ALTA TEMPERATURA  ESCULTURA Y MURALES (GRES Y PORCELANA) (1260º - 1280º)";"S-1";"GRES POLVO  S-1 25kg";14.6700;10.0000;11.8700;"KG";25.0000;16.0000;32
"ARCILLAS DE ALTA TEMPERATURA  ESCULTURA Y MURALES (GRES Y PORCELANA) (1260º - 1280º)";"S-1";"GRES POLVO  S-1 25kg";14.6700;33.0000;11.1400;"KG";25.0000;16.0000;32
"ARCILLAS DE ALTA TEMPERATURA  ESCULTURA Y MURALES (GRES Y PORCELANA) (1260º - 1280º)";"PRBF*E";"GRES SIO CHAM. FINA PRBF*E 12,5kg";8.3000;0.0;8.3000;"KG";12.5000;16.0000;22
"ARCILLAS DE ALTA TEMPERATURA  ESCULTURA Y MURALES (GRES Y PORCELANA) (1260º - 1280º)";"PRBF*E";"GRES SIO CHAM. FINA PRBF*E 12,5kg";8.3000;9.0000;6.2300;"KG";12.5000;16.0000;22
"ARCILLAS DE ALTA TEMPERATURA  ESCULTURA Y MURALES (GRES Y PORCELANA) (1260º - 1280º)";"PRBF*E";"GRES SIO CHAM. FINA PRBF*E 12,5kg";8.3000;40.0000;5.8100;"KG";12.5000;16.0000;22
"ARCILLAS DE ALTA TEMPERATURA  ESCULTURA Y MURALES (GRES Y PORCELANA) (1260º - 1280º)";"PRBF*E";"GRES SIO CHAM. FINA PRBF*E 12,5kg";8.3000;96.0000;5.4800;"KG";12.5000;16.0000;22
"ARCILLAS DE ALTA TEMPERATURA  ESCULTURA Y MURALES (GRES Y PORCELANA) (1260º - 1280º)";"PRBM*E";"GRES SIO CHAM. MEDIA PRBM*E 12,5kg";7.9600;0.0;7.9600;"BLOQUE";12.5000;16.0000;1270
"ARCILLAS DE ALTA TEMPERATURA  ESCULTURA Y MURALES (GRES Y PORCELANA) (1260º - 1280º)";"PRBM*E";"GRES SIO CHAM. MEDIA PRBM*E 12,5kg";7.9600;9.0000;6.4500;"BLOQUE";12.5000;16.0000;1270
"ARCILLAS DE ALTA TEMPERATURA  ESCULTURA Y MURALES (GRES Y PORCELANA) (1260º - 1280º)";"PRBM*E";"GRES SIO CHAM. MEDIA PRBM*E 12,5kg";7.9600;40.0000;5.7300;"BLOQUE";12.5000;16.0000;1270
"ARCILLAS DE ALTA TEMPERATURA  ESCULTURA Y MURALES (GRES Y PORCELANA) (1260º - 1280º)";"PRBM*E";"GRES SIO CHAM. MEDIA PRBM*E 12,5kg";7.9600;96.0000;5.0200;"BLOQUE";12.5000;16.0000;1270
"ARCILLAS DE ALTA TEMPERATURA  ESCULTURA Y MURALES (GRES Y PORCELANA) (1260º - 1280º)";"PRLG*E";"GRES SIO CH. GRUESA PRLG*E 12,5kg";6.7900;0.0;6.7900;"KG";12.5000;16.0000;24
"ARCILLAS DE ALTA TEMPERATURA  ESCULTURA Y MURALES (GRES Y PORCELANA) (1260º - 1280º)";"PRLG*E";"GRES SIO CH. GRUESA PRLG*E 12,5kg";6.7900;9.0000;5.9900;"KG";12.5000;16.0000;24
"ARCILLAS DE ALTA TEMPERATURA  ESCULTURA Y MURALES (GRES Y PORCELANA) (1260º - 1280º)";"PRLG*E";"GRES SIO CH. GRUESA PRLG*E 12,5kg";6.7900;40.0000;5.5900;"KG";12.5000;16.0000;24
"ARCILLAS DE ALTA TEMPERATURA  ESCULTURA Y MURALES (GRES Y PORCELANA) (1260º - 1280º)";"PRLG*E";"GRES SIO CH. GRUESA PRLG*E 12,5kg";6.7900;96.0000;5.2700;"KG";12.5000;16.0000;24
"ARCILLAS DE ALTA TEMPERATURA  ESCULTURA Y MURALES (GRES Y PORCELANA) (1260º - 1280º)";"PRAI*E";"GRES SIO CH. MEDIA PRAI*E 12,5kg";8.0600;0.0;8.0600;"BLOQUE";12.5000;16.0000;23
"ARCILLAS DE ALTA TEMPERATURA  ESCULTURA Y MURALES (GRES Y PORCELANA) (1260º - 1280º)";"PRAI*E";"GRES SIO CH. MEDIA PRAI*E 12,5kg";8.0600;9.0000;7.2500;"BLOQUE";12.5000;16.0000;23
"ARCILLAS DE ALTA TEMPERATURA  ESCULTURA Y MURALES (GRES Y PORCELANA) (1260º - 1280º)";"PRAI*E";"GRES SIO CH. MEDIA PRAI*E 12,5kg";8.0600;40.0000;6.4500;"BLOQUE";12.5000;16.0000;23
"ARCILLAS DE ALTA TEMPERATURA  ESCULTURA Y MURALES (GRES Y PORCELANA) (1260º - 1280º)";"PRAI*E";"GRES SIO CH. MEDIA PRAI*E 12,5kg";8.0600;96.0000;5.6400;"BLOQUE";12.5000;16.0000;23
"ARCILLAS DE ALTA TEMPERATURA  ESCULTURA Y MURALES (GRES Y PORCELANA) (1260º - 1280º)";"PRGF*E";"GRES SIO GRIS CH FINA PRGF*E 12,5kg";6.7900;0.0;6.7900;"KG";12.5000;16.0000;1389
"ARCILLAS DE ALTA TEMPERATURA  ESCULTURA Y MURALES (GRES Y PORCELANA) (1260º - 1280º)";"PRGF*E";"GRES SIO GRIS CH FINA PRGF*E 12,5kg";6.7900;9.0000;5.9900;"KG";12.5000;16.0000;1389
"ARCILLAS DE ALTA TEMPERATURA  ESCULTURA Y MURALES (GRES Y PORCELANA) (1260º - 1280º)";"PRGF*E";"GRES SIO GRIS CH FINA PRGF*E 12,5kg";6.7900;40.0000;5.5900;"KG";12.5000;16.0000;1389
"ARCILLAS DE ALTA TEMPERATURA  ESCULTURA Y MURALES (GRES Y PORCELANA) (1260º - 1280º)";"PRGF*E";"GRES SIO GRIS CH FINA PRGF*E 12,5kg";6.7900;96.0000;5.2700;"KG";12.5000;16.0000;1389
"ARCILLAS DE ALTA TEMPERATURA  ESCULTURA Y MURALES (GRES Y PORCELANA) (1260º - 1280º)";"PRGM*E";"GRES SIO GRIS CH FINA PRGM*E 12,5kg";6.7900;0.0;6.7900;"KG";12.5000;16.0000;3831
"ARCILLAS DE ALTA TEMPERATURA  ESCULTURA Y MURALES (GRES Y PORCELANA) (1260º - 1280º)";"PCLI*E";"PASTA CON FIBRA DE PAPEL 1100-1300º 12,5 KG.";9.0400;0.0;9.0400;"KG";12.5000;16.0000;1795
"ARCILLAS DE ALTA TEMPERATURA  ESCULTURA Y MURALES (GRES Y PORCELANA) (1260º - 1280º)";"PCLI*E";"PASTA CON FIBRA DE PAPEL 1100-1300º 12,5 KG.";9.0400;10.0000;7.9700;"KG";12.5000;16.0000;1795
"ARCILLAS DE ALTA TEMPERATURA  ESCULTURA Y MURALES (GRES Y PORCELANA) (1260º - 1280º)";"PCLI*E";"PASTA CON FIBRA DE PAPEL 1100-1300º 12,5 KG.";9.0400;50.0000;7.4400;"KG";12.5000;16.0000;1795
"ARCILLAS DE ALTA TEMPERATURA  ESCULTURA Y MURALES (GRES Y PORCELANA) (1260º - 1280º)";"PCLI*E";"PASTA CON FIBRA DE PAPEL 1100-1300º 12,5 KG.";9.0400;80.0000;7.0200;"KG";12.5000;16.0000;1795
"ARCILLAS DE ALTA TEMPERATURA  ESCULTURA Y MURALES (GRES Y PORCELANA) (1260º - 1280º)";"SA";"PORCELANA POLVO SA KG";0.7100;0.0;0.7100;"KG";1.0000;16.0000;33
"ARCILLAS DE ALTA TEMPERATURA  ESCULTURA Y MURALES (GRES Y PORCELANA) (1260º - 1280º)";"SA";"PORCELANA POLVO SA KG";0.7100;25.0000;0.6400;"KG";1.0000;16.0000;33
"ARCILLAS DE ALTA TEMPERATURA  ESCULTURA Y MURALES (GRES Y PORCELANA) (1260º - 1280º)";"SA";"PORCELANA POLVO SA KG";0.7100;100.0000;0.5700;"KG";1.0000;16.0000;33
"ARCILLAS DE ALTA TEMPERATURA  ESCULTURA Y MURALES (GRES Y PORCELANA) (1260º - 1280º)";"SA";"PORCELANA POLVO SA KG";0.7100;500.0000;0.5400;"KG";1.0000;16.0000;33
"ARCILLAS DE ALTA TEMPERATURA  TORNO (GRES Y PORCELANA) (1260º - 1280º)";"BT";"GRES BLANCO TORNO BT 12.5 KG.";7.7200;0.0;7.7200;"KG";12.5000;16.0000;2284
"ARCILLAS DE ALTA TEMPERATURA  TORNO (GRES Y PORCELANA) (1260º - 1280º)";"BT";"GRES BLANCO TORNO BT 12.5 KG.";7.7200;9.0000;5.8000;"KG";12.5000;16.0000;2284
"ARCILLAS DE ALTA TEMPERATURA  TORNO (GRES Y PORCELANA) (1260º - 1280º)";"BT";"GRES BLANCO TORNO BT 12.5 KG.";7.7200;40.0000;5.4700;"KG";12.5000;16.0000;2284
"ARCILLAS DE ALTA TEMPERATURA  TORNO (GRES Y PORCELANA) (1260º - 1280º)";"BT";"GRES BLANCO TORNO BT 12.5 KG.";7.7200;90.0000;5.1400;"KG";12.5000;16.0000;2284
"ARCILLAS DE ALTA TEMPERATURA  TORNO (GRES Y PORCELANA) (1260º - 1280º)";"PRNI*E";"GRES NEGRO CH IMPALPABLE PRNI*E 1260º 12,5 KG.";7.5600;0.0;7.5600;"KG";12.5000;16.0000;1794
"ARCILLAS DE ALTA TEMPERATURA  TORNO (GRES Y PORCELANA) (1260º - 1280º)";"PRNI*E";"GRES NEGRO CH IMPALPABLE PRNI*E 1260º 12,5 KG.";7.5600;10.0000;6.6700;"KG";12.5000;16.0000;1794
"ARCILLAS DE ALTA TEMPERATURA  TORNO (GRES Y PORCELANA) (1260º - 1280º)";"PRNI*E";"GRES NEGRO CH IMPALPABLE PRNI*E 1260º 12,5 KG.";7.5600;50.0000;6.2200;"KG";12.5000;16.0000;1794
"ARCILLAS DE ALTA TEMPERATURA  TORNO (GRES Y PORCELANA) (1260º - 1280º)";"PRNI*E";"GRES NEGRO CH IMPALPABLE PRNI*E 1260º 12,5 KG.";7.5600;80.0000;5.8700;"KG";12.5000;16.0000;1794
"ARCILLAS DE ALTA TEMPERATURA  TORNO (GRES Y PORCELANA) (1260º - 1280º)";"NT";"GRES NT";8.2700;0.0;8.2700;"KG";12.5000;16.0000;1679
"ARCILLAS DE ALTA TEMPERATURA  TORNO (GRES Y PORCELANA) (1260º - 1280º)";"NT";"GRES NT";8.2700;7.0000;7.4800;"KG";12.5000;16.0000;1679
"ARCILLAS DE ALTA TEMPERATURA  TORNO (GRES Y PORCELANA) (1260º - 1280º)";"NT";"GRES NT";8.2700;34.0000;7.0200;"KG";12.5000;16.0000;1679
"ARCILLAS DE ALTA TEMPERATURA  TORNO (GRES Y PORCELANA) (1260º - 1280º)";"NT";"GRES NT";8.2700;66.0000;6.5700;"KG";12.5000;16.0000;1679
"ARCILLAS DE ALTA TEMPERATURA  TORNO (GRES Y PORCELANA) (1260º - 1280º)";"PRGI*E";"GRES SIO GRIS CH IMPALPABLE PRGI*E 12,5kg";6.7900;0.0;6.7900;"KG";12.5000;16.0000;1388
"ARCILLAS DE ALTA TEMPERATURA  TORNO (GRES Y PORCELANA) (1260º - 1280º)";"PRGI*E";"GRES SIO GRIS CH IMPALPABLE PRGI*E 12,5kg";6.7900;9.0000;5.9900;"KG";12.5000;16.0000;1388
"ARCILLAS DE ALTA TEMPERATURA  TORNO (GRES Y PORCELANA) (1260º - 1280º)";"PRGI*E";"GRES SIO GRIS CH IMPALPABLE PRGI*E 12,5kg";6.7900;40.0000;5.5900;"KG";12.5000;16.0000;1388
"ARCILLAS DE ALTA TEMPERATURA  TORNO (GRES Y PORCELANA) (1260º - 1280º)";"PRGI*E";"GRES SIO GRIS CH IMPALPABLE PRGI*E 12,5kg";6.7900;96.0000;5.2700;"KG";12.5000;16.0000;1388
"ARCILLAS DE ALTA TEMPERATURA  TORNO (GRES Y PORCELANA) (1260º - 1280º)";"130";"GRES TORNO 130 10kg";5.6400;0.0;5.6400;"KG";10.0000;16.0000;16
"ARCILLAS DE ALTA TEMPERATURA  TORNO (GRES Y PORCELANA) (1260º - 1280º)";"130";"GRES TORNO 130 10kg";5.6400;9.0000;5.0800;"KG";10.0000;16.0000;16
"ARCILLAS DE ALTA TEMPERATURA  TORNO (GRES Y PORCELANA) (1260º - 1280º)";"130";"GRES TORNO 130 10kg";5.6400;50.0000;4.7900;"KG";10.0000;16.0000;16
"ARCILLAS DE ALTA TEMPERATURA  TORNO (GRES Y PORCELANA) (1260º - 1280º)";"130";"GRES TORNO 130 10kg";5.6400;100.0000;4.5000;"KG";10.0000;16.0000;16
"ARCILLAS DE ALTA TEMPERATURA  TORNO (GRES Y PORCELANA) (1260º - 1280º)";"SAF";"PORCELANA TORNO SAF 25kg";16.0500;0.0;16.0500;"KG";25.0000;16.0000;31
"ARCILLAS DE ALTA TEMPERATURA  TORNO (GRES Y PORCELANA) (1260º - 1280º)";"SAF";"PORCELANA TORNO SAF 25kg";16.0500;5.0000;17.0000;"KG";25.0000;16.0000;31
"ARCILLAS DE ALTA TEMPERATURA  TORNO (GRES Y PORCELANA) (1260º - 1280º)";"SAF";"PORCELANA TORNO SAF 25kg";16.0500;25.0000;16.0500;"KG";25.0000;16.0000;31
"ARCILLAS DE ALTA TEMPERATURA  TORNO (GRES Y PORCELANA) (1260º - 1280º)";"SAF";"PORCELANA TORNO SAF 25kg";16.0500;40.0000;15.1100;"KG";25.0000;16.0000;31
"ARCILLAS DE  BAJA TEMPERATURA (900º-1050º)";"PE-AT";"ARCILLA AUTOBARNIZ PE-AT AZUL TURQUESA 920º 12.5 KG";16.1100;0.0;16.1100;"BLOQUES";12.5000;16.0000;9
"ARCILLAS DE  BAJA TEMPERATURA (900º-1050º)";"PE-AT";"ARCILLA AUTOBARNIZ PE-AT AZUL TURQUESA 920º 12.5 KG";16.1100;8.0000;16.1500;"BLOQUES";12.5000;16.0000;9
"ARCILLAS DE  BAJA TEMPERATURA (900º-1050º)";"PE-AT";"ARCILLA AUTOBARNIZ PE-AT AZUL TURQUESA 920º 12.5 KG";16.1100;40.0000;15.3000;"BLOQUES";12.5000;16.0000;9
"ARCILLAS DE  BAJA TEMPERATURA (900º-1050º)";"PE-AT";"ARCILLA AUTOBARNIZ PE-AT AZUL TURQUESA 920º 12.5 KG";16.1100;96.0000;14.4500;"BLOQUES";12.5000;16.0000;9
"ARCILLAS DE  BAJA TEMPERATURA (900º-1050º)";"";"ARCILLA BLANCA CHAM. MAYOLICA 10kg (1040º)";6.4000;0.0;6.4000;"KG";10.0000;16.0000;10
"ARCILLAS DE  BAJA TEMPERATURA (900º-1050º)";"";"ARCILLA BLANCA CHAM. MAYOLICA 10kg (1040º)";6.4000;10.0000;5.7600;"KG";10.0000;16.0000;10
"ARCILLAS DE  BAJA TEMPERATURA (900º-1050º)";"";"ARCILLA BLANCA CHAM. MAYOLICA 10kg (1040º)";6.4000;50.0000;5.4400;"KG";10.0000;16.0000;10
"ARCILLAS DE  BAJA TEMPERATURA (900º-1050º)";"";"ARCILLA BLANCA CHAM. MAYOLICA 10kg (1040º)";6.4000;100.0000;5.1200;"KG";10.0000;16.0000;10
"ARCILLAS DE  BAJA TEMPERATURA (900º-1050º)";"M-5";"ARCILLA BLANCA M-5 12.5kg (1040º)";6.4600;0.0;6.4600;"KG";12.5000;16.0000;11
"ARCILLAS DE  BAJA TEMPERATURA (900º-1050º)";"M-5";"ARCILLA BLANCA M-5 12.5kg (1040º)";6.4600;9.0000;5.8200;"KG";12.5000;16.0000;11
"ARCILLAS DE  BAJA TEMPERATURA (900º-1050º)";"M-5";"ARCILLA BLANCA M-5 12.5kg (1040º)";6.4600;40.0000;5.1700;"KG";12.5000;16.0000;11
"ARCILLAS DE  BAJA TEMPERATURA (900º-1050º)";"M-5";"ARCILLA BLANCA M-5 12.5kg (1040º)";6.4600;96.0000;4.5300;"KG";12.5000;16.0000;11
"ARCILLAS DE  BAJA TEMPERATURA (900º-1050º)";"M-5 20kg";"ARCILLA BLANCA M-5 20kg (1040º)";10.1400;0.0;10.1400;"KG";20.0000;16.0000;2373
"ARCILLAS DE  BAJA TEMPERATURA (900º-1050º)";"M-5 20kg";"ARCILLA BLANCA M-5 20kg (1040º)";10.1400;5.0000;9.1300;"KG";20.0000;16.0000;2373
"ARCILLAS DE  BAJA TEMPERATURA (900º-1050º)";"M-5 20kg";"ARCILLA BLANCA M-5 20kg (1040º)";10.1400;25.0000;8.5700;"KG";20.0000;16.0000;2373
"ARCILLAS DE  BAJA TEMPERATURA (900º-1050º)";"M-5 20kg";"ARCILLA BLANCA M-5 20kg (1040º)";10.1400;50.0000;8.1100;"KG";20.0000;16.0000;2373
"ARCILLAS DE  BAJA TEMPERATURA (900º-1050º)";"L-14";"ARCILLA BLANCA POLVO L-14 25 KG.";11.1400;0.0;11.1400;"KG";25.0000;16.0000;1327
"ARCILLAS DE  BAJA TEMPERATURA (900º-1050º)";"L-14";"ARCILLA BLANCA POLVO L-14 25 KG.";11.1400;5.0000;10.4800;"KG";25.0000;16.0000;1327
"ARCILLAS DE  BAJA TEMPERATURA (900º-1050º)";"L-14";"ARCILLA BLANCA POLVO L-14 25 KG.";11.1400;20.0000;9.8200;"KG";25.0000;16.0000;1327
"ARCILLAS DE  BAJA TEMPERATURA (900º-1050º)";"L-14";"ARCILLA BLANCA POLVO L-14 25 KG.";11.1400;40.0000;9.1700;"KG";25.0000;16.0000;1327
"ARCILLAS DE  BAJA TEMPERATURA (900º-1050º)";"SIO PLUS";"ARCILLA BLANCA SIO PLUS";10.5400;0.0;10.5400;"KG";10.0000;16.0000;1665
"ARCILLAS DE  BAJA TEMPERATURA (900º-1050º)";"PM*E";"ARCILLA NEGRA PM*E 12,5kg (980º - 1050º)";7.0900;0.0;7.0900;"KG";12.5000;16.0000;7
"ARCILLAS DE  BAJA TEMPERATURA (900º-1050º)";"PM*E";"ARCILLA NEGRA PM*E 12,5kg (980º - 1050º)";7.0900;9.0000;6.0300;"KG";12.5000;16.0000;7
"ARCILLAS DE  BAJA TEMPERATURA (900º-1050º)";"PM*E";"ARCILLA NEGRA PM*E 12,5kg (980º - 1050º)";7.0900;40.0000;5.3200;"KG";12.5000;16.0000;7
"ARCILLAS DE  BAJA TEMPERATURA (900º-1050º)";"PM*E";"ARCILLA NEGRA PM*E 12,5kg (980º - 1050º)";7.0900;96.0000;4.6800;"KG";12.5000;16.0000;7
"ARCILLAS DE  BAJA TEMPERATURA (900º-1050º)";"PF/CHF*E";"ARCILLA ROJA CHAM, F, PF/CHF*E 12,5kg (980º - 1050º)";4.8000;0.0;4.8000;"KG";12.5000;16.0000;2
"ARCILLAS DE  BAJA TEMPERATURA (900º-1050º)";"PF/CHF*E";"ARCILLA ROJA CHAM, F, PF/CHF*E 12,5kg (980º - 1050º)";4.8000;9.0000;4.3200;"KG";12.5000;16.0000;2
"ARCILLAS DE  BAJA TEMPERATURA (900º-1050º)";"PF/CHF*E";"ARCILLA ROJA CHAM, F, PF/CHF*E 12,5kg (980º - 1050º)";4.8000;40.0000;3.8400;"KG";12.5000;16.0000;2
"ARCILLAS DE  BAJA TEMPERATURA (900º-1050º)";"PF/CHF*E";"ARCILLA ROJA CHAM, F, PF/CHF*E 12,5kg (980º - 1050º)";4.8000;96.0000;3.3600;"KG";12.5000;16.0000;2
"ARCILLAS DE  BAJA TEMPERATURA (900º-1050º)";"PF/CHM*M";"ARCILLA ROJA CHAM, M, PF/CHM*M 12,5kg (980º - 1050º)";4.8000;0.0;4.8000;"KG";12.5000;16.0000;3
"ARCILLAS DE  BAJA TEMPERATURA (900º-1050º)";"PF/CHM*M";"ARCILLA ROJA CHAM, M, PF/CHM*M 12,5kg (980º - 1050º)";4.8000;9.0000;4.0800;"KG";12.5000;16.0000;3
"ARCILLAS DE  BAJA TEMPERATURA (900º-1050º)";"PF/CHM*M";"ARCILLA ROJA CHAM, M, PF/CHM*M 12,5kg (980º - 1050º)";4.8000;40.0000;3.6000;"KG";12.5000;16.0000;3
"ARCILLAS DE  BAJA TEMPERATURA (900º-1050º)";"PF/CHM*M";"ARCILLA ROJA CHAM, M, PF/CHM*M 12,5kg (980º - 1050º)";4.8000;96.0000;3.1700;"KG";12.5000;16.0000;3
"ARCILLAS DE  BAJA TEMPERATURA (900º-1050º)";"PF*E";"ARCILLA ROJA - PF*E 12,5kg (980º - 1050º)";3.6000;0.0;3.6000;"KG";12.5000;16.0000;1
"ARCILLAS DE  BAJA TEMPERATURA (900º-1050º)";"PF*E";"ARCILLA ROJA - PF*E 12,5kg (980º - 1050º)";3.6000;9.0000;3.2440;"KG";12.5000;16.0000;1
"ARCILLAS DE  BAJA TEMPERATURA (900º-1050º)";"PF*E";"ARCILLA ROJA - PF*E 12,5kg (980º - 1050º)";3.6000;40.0000;2.8830;"KG";12.5000;16.0000;1
"ARCILLAS DE  BAJA TEMPERATURA (900º-1050º)";"PF*E";"ARCILLA ROJA - PF*E 12,5kg (980º - 1050º)";3.6000;96.0000;2.5230;"KG";12.5000;16.0000;1
"ARCILLAS DE  BAJA TEMPERATURA (900º-1050º)";"";"ARCILLA ROJA POLVO AFP";9.4000;0.0;9.4000;"KG";25.0000;16.0000;12
"ARCILLAS DE  BAJA TEMPERATURA (900º-1050º)";"";"ARCILLA ROJA POLVO AFP";9.4000;5.0000;9.0900;"KG";25.0000;16.0000;12
"ARCILLAS DE  BAJA TEMPERATURA (900º-1050º)";"";"ARCILLA ROJA POLVO AFP";9.4000;20.0000;8.9300;"KG";25.0000;16.0000;12
"ARCILLAS DE  BAJA TEMPERATURA (900º-1050º)";"";"ARCILLA ROJA POLVO AFP";9.4000;33.0000;7.9400;"KG";25.0000;16.0000;12
"ARCILLAS DE  BAJA TEMPERATURA (900º-1050º)";"ATP";"ARCILLA TERRACOTA POLVO ATP 30kg";6.8800;0.0;6.8800;"KG";30.0000;16.0000;13
"ARCILLAS DE  BAJA TEMPERATURA (900º-1050º)";"ATP";"ARCILLA TERRACOTA POLVO ATP 30kg";6.8800;5.0000;5.8500;"KG";30.0000;16.0000;13
"ARCILLAS DE  BAJA TEMPERATURA (900º-1050º)";"ATP";"ARCILLA TERRACOTA POLVO ATP 30kg";6.8800;20.0000;5.1600;"KG";30.0000;16.0000;13
"ARCILLAS DE  BAJA TEMPERATURA (900º-1050º)";"ATP";"ARCILLA TERRACOTA POLVO ATP 30kg";6.8800;33.0000;4.5400;"KG";30.0000;16.0000;13
"ARCILLAS DE  BAJA TEMPERATURA (900º-1050º)";"L-14";"BARBOTINA L-14 19kg";11.7500;0.0;11.7500;"KG";19.0000;16.0000;2370
"ARCILLAS DE  BAJA TEMPERATURA (900º-1050º)";"1293";"ETRUSCO corte 25kg";22.4900;0.0;22.4900;"SA";25.0000;16.0000;1293
"ARCILLAS DE  BAJA TEMPERATURA (900º-1050º)";"PK*E";"PASTA DE BAJO COEFICIENTE 21 % 970-1085º 12,5 KG";5.0200;0.0;5.0200;"KG";12.5000;16.0000;3640
"ARCILLAS DE  BAJA TEMPERATURA (900º-1050º)";"PK*E";"PASTA DE BAJO COEFICIENTE 21 % 970-1085º 12,5 KG";5.0200;9.0000;4.5200;"KG";12.5000;16.0000;3640
"ARCILLAS DE  BAJA TEMPERATURA (900º-1050º)";"PK*E";"PASTA DE BAJO COEFICIENTE 21 % 970-1085º 12,5 KG";5.0200;40.0000;4.0200;"KG";12.5000;16.0000;3640
"ARCILLAS DE  BAJA TEMPERATURA (900º-1050º)";"PK*E";"PASTA DE BAJO COEFICIENTE 21 % 970-1085º 12,5 KG";5.0200;96.0000;3.5100;"KG";12.5000;16.0000;3640
"ARCILLAS DE  BAJA TEMPERATURA (900º-1050º)";"PVI·E";"PASTA DE CORDIERITA ( 0-0.2 mm. ) 19% 970-1085º 12,5 KG";10.7600;0.0;10.7600;"KG";12.5000;16.0000;3641
"ARCILLAS DE  BAJA TEMPERATURA (900º-1050º)";"PVI·E";"PASTA DE CORDIERITA ( 0-0.2 mm. ) 19% 970-1085º 12,5 KG";10.7600;9.0000;9.6800;"KG";12.5000;16.0000;3641
"ARCILLAS DE  BAJA TEMPERATURA (900º-1050º)";"PVI·E";"PASTA DE CORDIERITA ( 0-0.2 mm. ) 19% 970-1085º 12,5 KG";10.7600;40.0000;8.6100;"KG";12.5000;16.0000;3641
"ARCILLAS DE  BAJA TEMPERATURA (900º-1050º)";"PVI·E";"PASTA DE CORDIERITA ( 0-0.2 mm. ) 19% 970-1085º 12,5 KG";10.7600;96.0000;7.5300;"KG";12.5000;16.0000;3641
"ARCILLAS DE  BAJA TEMPERATURA (900º-1050º)";"PVI";"PASTA DE CORDIERITA 12,5kg (ARCILLA PARA CAZUELA)";8.6400;0.0;8.6400;"BLOQUE";12.5000;16.0000;3824
"ARCILLAS DE  BAJA TEMPERATURA (900º-1050º)";"PVI*E";"PASTA DE CORDIERITA PVI*E 12,5kg (ARCILLA DE CAZUELA)";8.6400;0.0;8.6400;"BLOQUE";12.5000;16.0000;3826
"ARCILLAS DE  BAJA TEMPERATURA (900º-1050º)";"PG*E";"SEMIGRES PG*E 12,5kg";3.5200;0.0;3.5200;"KG";12.5000;16.0000;8
"ARCILLAS DE  BAJA TEMPERATURA (900º-1050º)";"PG*E";"SEMIGRES PG*E 12,5kg";3.5200;9.0000;3.1700;"KG";12.5000;16.0000;8
"ARCILLAS DE  BAJA TEMPERATURA (900º-1050º)";"PG*E";"SEMIGRES PG*E 12,5kg";3.5200;40.0000;2.8200;"KG";12.5000;16.0000;8
"ARCILLAS DE  BAJA TEMPERATURA (900º-1050º)";"PG*E";"SEMIGRES PG*E 12,5kg";3.5200;96.0000;2.4600;"KG";12.5000;16.0000;8
"ARCILLAS DE  BAJA TEMPERATURA (900º-1050º)";"2341";"TERRA AMARILLO 10 KG";4.4200;0.0;4.4200;"BLOQUE";10.0000;16.0000;2341
"ARCILLAS DE  BAJA TEMPERATURA (900º-1050º)";"3523";"TERRA AMARILLO 5 KG";3.0400;0.0;3.0400;"BLOQUE";5.0000;16.0000;3523
"ARCILLAS DE  BAJA TEMPERATURA (900º-1050º)";"2336";"TERRA AZUL 10 KG";9.4600;0.0;9.4600;"BLOQUE";10.0000;16.0000;2336
"ARCILLAS DE  BAJA TEMPERATURA (900º-1050º)";"3524";"TERRA AZUL 5 KG";6.0500;0.0;6.0500;"BLOQUE";5.0000;16.0000;3524
"ARCILLAS DE  BAJA TEMPERATURA (900º-1050º)";"PT/CHF*E";"TERRACOTA CHAM, F, PT/CHF*E 12,5kg (980º - 1050º)";5.2300;0.0;5.2300;"KG";12.5000;16.0000;5
"ARCILLAS DE  BAJA TEMPERATURA (900º-1050º)";"PT/CHF*E";"TERRACOTA CHAM, F, PT/CHF*E 12,5kg (980º - 1050º)";5.2300;9.0000;4.4400;"KG";12.5000;16.0000;5
"ARCILLAS DE  BAJA TEMPERATURA (900º-1050º)";"PT/CHF*E";"TERRACOTA CHAM, F, PT/CHF*E 12,5kg (980º - 1050º)";5.2300;40.0000;3.9200;"KG";12.5000;16.0000;5
"ARCILLAS DE  BAJA TEMPERATURA (900º-1050º)";"PT/CHF*E";"TERRACOTA CHAM, F, PT/CHF*E 12,5kg (980º - 1050º)";5.2300;96.0000;3.4500;"KG";12.5000;16.0000;5
"ARCILLAS DE  BAJA TEMPERATURA (900º-1050º)";"PT/CHM*E";"TERRACOTA CHAM, M, PT/CHM*E 12,5kg (980º - 1050º)";5.2300;0.0;5.2300;"KG";12.5000;16.0000;6
"ARCILLAS DE  BAJA TEMPERATURA (900º-1050º)";"PT/CHM*E";"TERRACOTA CHAM, M, PT/CHM*E 12,5kg (980º - 1050º)";5.2300;9.0000;4.4400;"KG";12.5000;16.0000;6
"ARCILLAS DE  BAJA TEMPERATURA (900º-1050º)";"PT/CHM*E";"TERRACOTA CHAM, M, PT/CHM*E 12,5kg (980º - 1050º)";5.2300;40.0000;3.9200;"KG";12.5000;16.0000;6
"ARCILLAS DE  BAJA TEMPERATURA (900º-1050º)";"PT/CHM*E";"TERRACOTA CHAM, M, PT/CHM*E 12,5kg (980º - 1050º)";5.2300;96.0000;3.4500;"KG";12.5000;16.0000;6
"ARCILLAS DE  BAJA TEMPERATURA (900º-1050º)";"PT*E";"TERRACOTA PT*E 12,5kg (980º - 1050º)";3.7000;0.0;3.7000;"KG";12.5000;16.0000;4
"ARCILLAS DE  BAJA TEMPERATURA (900º-1050º)";"PT*E";"TERRACOTA PT*E 12,5kg (980º - 1050º)";3.7000;9.0000;3.3300;"KG";12.5000;16.0000;4
"ARCILLAS DE  BAJA TEMPERATURA (900º-1050º)";"PT*E";"TERRACOTA PT*E 12,5kg (980º - 1050º)";3.7000;30.0000;2.5900;"KG";12.5000;16.0000;4
"ARCILLAS DE  BAJA TEMPERATURA (900º-1050º)";"PT*E";"TERRACOTA PT*E 12,5kg (980º - 1050º)";3.7000;40.0000;2.9600;"KG";12.5000;16.0000;4
"ARCILLAS DE  BAJA TEMPERATURA (900º-1050º)";"2339";"TERRA GRIS 10 KG";4.4200;0.0;4.4200;"BLOQUE";10.0000;16.0000;2339
"ARCILLAS DE  BAJA TEMPERATURA (900º-1050º)";"3525";"TERRA GRIS 5 KG";3.0400;0.0;3.0400;"BLOQUE";5.0000;16.0000;3525
"ARCILLAS DE  BAJA TEMPERATURA (900º-1050º)";"2338";"TERRA NEGRO 10 KG";9.4600;0.0;9.4600;"BLOQUE";10.0000;16.0000;2338
"ARCILLAS DE  BAJA TEMPERATURA (900º-1050º)";"2338";"TERRA NEGRO 5 KG";6.0700;0.0;6.0700;"BLOQUE";5.0000;16.0000;3526
"ARCILLAS DE  BAJA TEMPERATURA (900º-1050º)";"2340";"TERRA ROSA 10 KG";4.4200;0.0;4.4200;"BLOQUE";10.0000;16.0000;2340
"ARCILLAS DE  BAJA TEMPERATURA (900º-1050º)";"3527";"TERRA ROSA 5 KG";3.0400;0.0;3.0400;"BLOQUE";5.0000;16.0000;3527
"ARCILLAS DE  BAJA TEMPERATURA (900º-1050º)";"3522";"TERRA VERDE 10 KG";9.4600;0.0;9.4600;"BLOQUE";10.0000;16.0000;3522
"ARCILLAS DE  BAJA TEMPERATURA (900º-1050º)";"2337";"TERRA VERDE 5 KG";6.0700;0.0;6.0700;"BLOQUE";5.0000;16.0000;2337
"AZULEJOS Y PLATOS";"B-10X10-144";"AZULEJOS BLANCOS 10X10";0.1600;0.0;0.1600;"UN";0.0950;16.0000;44
"AZULEJOS Y PLATOS";"B-10X10-144";"AZULEJOS BLANCOS 10X10 CAJA 94 UN.";12.4000;0.0;12.4000;"CJ";9.0000;16.0000;3563
"AZULEJOS Y PLATOS";"B-15X15-49";"AZULEJOS BLANCOS  15,2 X 15,2 X 8 MM";0.3300;0.0;0.3300;"KG";0.3000;16.0000;46
"AZULEJOS Y PLATOS";"B-15X15-49";"AZULEJOS BLANCOS  15,2 X 15,2 X 8 MM CAJA 49 UN.";13.3200;0.0;13.3200;"CJ";14.7000;16.0000;3562
"AZULEJOS Y PLATOS";"B-15X15-46";"AZULEJOS BLANCOS 15X15/46 PRODESCO";0.3900;0.0;0.3900;"KG";0.3000;16.0000;903
"AZULEJOS Y PLATOS";"B-20X20-30";"AZULEJOS BLANCOS  20X20X8MM";0.5300;0.0;0.5300;"UN";0.5000;16.0000;47
"AZULEJOS Y PLATOS";"B-20X20-30";"AZULEJOS BLANCOS  20X20X8MM CAJA 30 UN.";13.3200;0.0;13.3200;"CJ";15.0000;16.0000;3564
"AZULEJOS Y PLATOS";"B-20X31/17";"AZULEJOS BLANCOS 20X31X8MM./17";0.8300;0.0;0.8300;"KG";0.9000;16.0000;50
"AZULEJOS Y PLATOS";"B-20X31/17";"AZULEJOS BLANCOS 20X31X8MM./17";0.8300;12.0000;0.7500;"KG";0.9000;16.0000;50
"AZULEJOS Y PLATOS";"B-7,5X15-88";"AZULEJOS BLANCOS  7,5X15/88";0.2300;0.0;0.2300;"KG";0.0850;16.0000;45
"AZULEJOS Y PLATOS";"B-7,5X15-88";"AZULEJOS BLANCOS  7,5X15/88";0.2300;92.0000;0.2000;"KG";0.0850;16.0000;45
"AZULEJOS Y PLATOS";"15X15X10";"AZULEJOS COTTO 15X15X10mm";0.3600;0.0;0.3600;"KG";0.3800;16.0000;1686
"AZULEJOS Y PLATOS";"15X15X10";"AZULEJOS COTTO 15X15X10mm CAJA 38 UNIDADES";11.2500;0.0;11.2500;"CJ";13.6800;16.0000;3561
"AZULEJOS Y PLATOS";"20X20X10";"AZULEJOS COTTO 20X20X10";0.6300;0.0;0.6300;"KG";0.6950;16.0000;1687
"AZULEJOS Y PLATOS";"9.8X9.8X10";"AZULEJOS COTTO 9.8X9.8X10";0.3500;0.0;0.3500;"un";0.2100;16.0000;1685
"AZULEJOS Y PLATOS";"R-10X20 - 50";"AZULEJOS ROJOS 10X20/50";0.2900;0.0;0.2900;"KG";0.2460;16.0000;999
"AZULEJOS Y PLATOS";"R-10X20 - 50";"AZULEJOS ROJOS 10X20/50";0.2900;50.0000;0.2800;"KG";0.2460;16.0000;999
"AZULEJOS Y PLATOS";"R-11X11";"AZULEJOS ROJOS  11X11";0.2000;0.0;0.2000;"UN";0.1125;16.0000;34
"AZULEJOS Y PLATOS";"R-11X11-108";"AZULEJOS ROJOS  11X11 CAJA 108";18.1600;0.0;18.1600;"UN";12.1500;16.0000;3574
"AZULEJOS Y PLATOS";"R-14X28-28";"AZULEJOS ROJOS  14X28";0.5200;0.0;0.5200;"un";0.5600;16.0000;36
"AZULEJOS Y PLATOS";"R-14X28-28";"AZULEJOS ROJOS  14X28 CAJA 28 UN.";12.2600;0.0;12.2600;"UN";0.5600;16.0000;3579
"AZULEJOS Y PLATOS";"R-15X15-60";"AZULEJOS ROJOS 15X15";0.2400;0.0;0.2400;"UN";0.2400;16.0000;3572
"AZULEJOS Y PLATOS";"R-15X15-60";"AZULEJOS ROJOS 15X15 CAJA 60 UN.";12.0800;0.0;12.0800;"CAJA";14.4000;16.0000;37
"AZULEJOS Y PLATOS";"R-15X15-60";"AZULEJOS ROJOS 15X15 CAJA 60 UN.";12.0800;60.0000;10.2000;"CAJA";14.4000;16.0000;37
"AZULEJOS Y PLATOS";"R-15X15-76-F";"AZULEJOS ROJOS 15X15 FINOS";0.1900;0.0;0.1900;"UN";0.2000;16.0000;993
"AZULEJOS Y PLATOS";"R-15X15-76-F";"AZULEJOS ROJOS 15X15 FINOS CAJAS 76";12.2500;0.0;12.2500;"CAJA";15.2000;16.0000;3573
"AZULEJOS Y PLATOS";"R-15X20-50";"AZULEJOS ROJOS 15X20/50";0.2800;0.0;0.2800;"KG";0.3110;16.0000;38
"AZULEJOS Y PLATOS";"R-15X20-50";"AZULEJOS ROJOS 15X20/50";0.2800;50.0000;0.2200;"KG";0.3110;16.0000;38
"AZULEJOS Y PLATOS";"R-20X20";"AZULEJOS ROJOS  20X20";0.4700;0.0;0.4700;"UN";0.5350;16.0000;1700
"AZULEJOS Y PLATOS";"R-20X20-29";"AZULEJOS ROJOS  20X20 CAJA 29 UN.";11.0200;0.0;11.0200;"CAJA";15.9600;16.0000;3565
"AZULEJOS Y PLATOS";"R-20X25-31";"AZULEJOS ROJOS 20X25X6'5/31";0.3700;0.0;0.3700;"KG";0.5800;16.0000;1701
"AZULEJOS Y PLATOS";"R-20X25-31";"AZULEJOS ROJOS 20X25X6'5/31";0.3700;31.0000;0.2900;"KG";0.5800;16.0000;1701
"AZULEJOS Y PLATOS";"R-20X30-15";"AZULEJOS ROJOS 20X30";0.7200;0.0;0.7200;"UN";0.7500;16.0000;40
"AZULEJOS Y PLATOS";"R-20X30-15";"AZULEJOS ROJOS 20X30 CAJA 15 UN.";9.0400;0.0;9.0400;"CAJA";11.2500;16.0000;3576
"AZULEJOS Y PLATOS";"R-30X30-12";"AZULEJOS ROJOS  30X30/12";0.7100;0.0;0.7100;"KG";1.2500;16.0000;42
"AZULEJOS Y PLATOS";"R-30X30-12";"AZULEJOS ROJOS  30X30/12";0.7100;12.0000;0.5600;"KG";1.2500;16.0000;42
"AZULEJOS Y PLATOS";"R-40X25-10";"AZULEJOS ROJOS  40X25/10";0.7100;0.0;0.7100;"KG";1.2500;16.0000;41
"AZULEJOS Y PLATOS";"R-40X25-10";"AZULEJOS ROJOS  40X25/10";0.7100;10.0000;0.5600;"KG";1.2500;16.0000;41
"AZULEJOS Y PLATOS";"R-45X31-10";"AZULEJOS ROJOS 45X31";1.8300;0.0;1.8300;"UN";1.5000;16.0000;43
"AZULEJOS Y PLATOS";"R-45X31-10";"AZULEJOS ROJOS 45X31 CAJA 10 UN.";15.2500;0.0;15.2500;"CAJA";15.0000;16.0000;3575
"AZULEJOS Y PLATOS";"RU-15X15/21";"AZULEJOS RUSTICO 15X15";0.8300;0.0;0.8300;"KG";0.5750;16.0000;52
"AZULEJOS Y PLATOS";"RU-10X10";"AZULEJOS RUSTICOS  10X10";0.4200;0.0;0.4200;"KG";0.2800;16.0000;51
"AZULEJOS Y PLATOS";"RU-20X20";"AZULEJOS RUSTICOS  20X20";1.5200;0.0;1.5200;"KG";1.1200;16.0000;53
"AZULEJOS Y PLATOS";"RU-30X30";"AZULEJOS RUSTICOS 30X30";2.8500;0.0;2.8500;"KG";2.9500;16.0000;54
"AZULEJOS Y PLATOS";"2369";"CAJITAS PEQUEÑAS REDONDA BARRO BLANCO ";1.2000;0.0;1.2000;"";1.0000;16.0000;2369
"AZULEJOS Y PLATOS";"1800";"ESCUADRAS";0.2100;0.0;0.2100;"";0.1640;16.0000;1800
"AZULEJOS Y PLATOS";"1798";"LISTELO MEDIA CAÑA 20X5 CM.";0.2200;0.0;0.2200;"";0.1110;16.0000;1798
"AZULEJOS Y PLATOS";"1796";"LISTELO PECHO PALOMA 5X20 CM.";0.2200;0.0;0.2200;"";0.1190;16.0000;1796
"AZULEJOS Y PLATOS";"1797";"LISTELO TRENZA 20X3 CM.";0.2200;0.0;0.2200;"";0.0660;16.0000;1797
"AZULEJOS Y PLATOS";"1799";"LISTELO TRIM 20X5";0.2200;0.0;0.2200;"";0.1000;16.0000;1799
"AZULEJOS Y PLATOS";"11cm";"PLATOS BLANCOS 11cm";0.6000;0.0;0.6000;"KG";0.0000;16.0000;62
"AZULEJOS Y PLATOS";"15cm";"PLATOS BLANCOS 15cm";0.8000;0.0;0.8000;"KG";0.0000;16.0000;63
"AZULEJOS Y PLATOS";"20cm";"PLATOS BLANCOS 20cm";1.2000;0.0;1.2000;"KG";0.3300;16.0000;64
"AZULEJOS Y PLATOS";"23cm";"PLATOS BLANCOS 23cm";1.5000;0.0;1.5000;"KG";0.6200;16.0000;65
"AZULEJOS Y PLATOS";"28cm";"PLATOS BLANCOS 28cm";2.4000;0.0;2.4000;"KG";0.8500;16.0000;66
"AZULEJOS Y PLATOS";"34cm";"PLATOS BLANCOS 34cm";3.4000;0.0;3.4000;"KG";1.5000;16.0000;67
"AZULEJOS Y PLATOS";"36cm";"PLATOS BLANCOS 36cm";4.6000;0.0;4.6000;"KG";0.0000;16.0000;68
"AZULEJOS Y PLATOS";"11cm";"PLATOS ROJOS 11cm";0.6000;0.0;0.6000;"KG";0.2500;16.0000;2368
"AZULEJOS Y PLATOS";"15cm";"PLATOS ROJOS 15cm";0.8000;0.0;0.8000;"KG";0.2500;16.0000;56
"AZULEJOS Y PLATOS";"20cm";"PLATOS ROJOS 20cm";0.7800;0.0;0.7800;"KG";0.0000;16.0000;57
"AZULEJOS Y PLATOS";"23cm";"PLATOS ROJOS 23cm";1.5000;0.0;1.5000;"KG";0.6500;16.0000;58
"AZULEJOS Y PLATOS";"28cm";"PLATOS ROJOS 28cm";2.4000;0.0;2.4000;"KG";1.1150;16.0000;59
"AZULEJOS Y PLATOS";"32cm";"PLATOS ROJOS 32cm";3.3100;0.0;3.3100;"KG";0.0000;16.0000;60
"AZULEJOS Y PLATOS";"36cm";"PLATOS ROJOS 36cm";4.5000;0.0;4.5000;"KG";1.6500;16.0000;61
"BIZCOCHOS";"";"AZUCARERO BARRO BLANCO";1.3793;0.0;1.3793;"";1.0000;16.0000;968
"BIZCOCHOS";"";"AZUCARERO BARRO ROJO";2.5000;0.0;2.5000;"";1.0000;16.0000;940
"BIZCOCHOS";"A058";"BANDEJA CUADRADA 17 CM. ALA-005";1.6300;0.0;1.6300;"";0.3500;16.0000;3179
"BIZCOCHOS";"A017";"BANDEJA OVALADA 17 CM.";1.0700;0.0;1.0700;"UNIDAD";0.3380;16.0000;1802
"BIZCOCHOS";"A017";"BANDEJA OVALADA "JABONERA"";1.1300;0.0;1.1300;"";0.2530;16.0000;2280
"BIZCOCHOS";"2239";"BANDEJA PICOS 0112";2.8600;0.0;2.8600;"";0.0000;16.0000;2239
"BIZCOCHOS";"";"BANDEJAS GRANDES BARRO BLANCO";4.2000;0.0;4.2000;"";0.8700;16.0000;976
"BIZCOCHOS";"1052";"BANDEJAS GRANDES BARRO ROJO";4.2000;0.0;4.2000;"";0.6500;16.0000;1053
"BIZCOCHOS";"1054";"BANDEJAS MEDIANAS BARRO ROJO";2.7000;0.0;2.7000;"";0.5000;16.0000;1054
"BIZCOCHOS";"";"BANDEJAS PEQUEÑAS BARRO ROJO";1.6000;0.0;1.6000;"";0.2200;16.0000;954
"BIZCOCHOS";"";"BOLES BARRO ROJO";1.2000;0.0;1.2000;"";1.0000;16.0000;933
"BIZCOCHOS";"1711";"BOTE DE COCINA CON TAPA";1.9000;0.0;1.9000;"";0.0000;16.0000;1711
"BIZCOCHOS";"1780";"BOTELLA BARRO BLANCO";1.3793;0.0;1.3793;"";0.0000;16.0000;1780
"BIZCOCHOS";"1646";"BUZONES BARRO BLANCO";6.0000;0.0;6.0000;"";0.0000;16.0000;1646
"BIZCOCHOS";"";"BUZONES Y PLACAS BARRO ROJO";9.0100;0.0;9.0100;"";1.9750;16.0000;956
"BIZCOCHOS";"1677";"CAJITA CUADRADA PEQUEÑA";0.8600;0.0;0.8600;"";0.0000;16.0000;1677
"BIZCOCHOS";"";"CAJITAS (4 MODELOS) BARRO BLANCO";1.8000;0.0;1.8000;"";1.0000;16.0000;981
"BIZCOCHOS";"";"CAJITAS PEQUEÑAS BARRO BLANCO";1.2000;0.0;1.2000;"";1.0000;16.0000;980
"BIZCOCHOS";"1709";"CENICEROS DE AGUA BARRO BLANCO";1.6000;0.0;1.6000;"KG";0.5500;16.0000;1709
"BIZCOCHOS";"";"CENICEROS GRANDES BARRO BLANCO";1.6500;0.0;1.6500;"";1.0000;16.0000;974
"BIZCOCHOS";"";"CENICEROS GRANDES BARRO ROJO";0.8500;0.0;0.8500;"";1.0000;16.0000;951
"BIZCOCHOS";"";"CENICEROS PEQUEÑOS BARRO BLANCO";0.9000;0.0;0.9000;"";1.0000;16.0000;975
"BIZCOCHOS";"";"CENICEROS PEQUEÑOS BARRO ROJO";0.6000;0.0;0.6000;"";1.0000;16.0000;952
"BIZCOCHOS";"2/0121M";"CUENCO CUADRADO MINI";0.7600;0.0;0.7600;"";0.1500;16.0000;2279
"BIZCOCHOS";"";"CUENCOS BARRO BLANCO";1.2000;0.0;1.2000;"";1.0000;16.0000;963
"BIZCOCHOS";"";"CUENCOS BARRO ROJO";1.2000;0.0;1.2000;"";1.0000;16.0000;929
"BIZCOCHOS";"1782";"CUENCOS PEQUEÑOS BARRO BLANCO 11x5cm";0.8189;0.0;0.8189;"";0.0000;16.0000;1782
"BIZCOCHOS";"";"ENSALADERA BARRO BLANCO";1.6800;0.0;1.6800;"";0.0000;16.0000;1781
"BIZCOCHOS";"1785";"FLORERO BARRO BLANCO 28 CM.";2.7586;0.0;2.7586;"";0.0000;16.0000;1785
"BIZCOCHOS";"";"FUENTES GRANDES BARRO ROJO (CON REBORDE)";4.3100;0.0;4.3100;"";1.0000;16.0000;946
"BIZCOCHOS";"";"FUENTES MEDIANAS BARRO ROJO";3.4500;0.0;3.4500;"";1.0000;16.0000;947
"BIZCOCHOS";"1055";"FUENTES PEQUEÑAS BARRO ROJO";2.5900;0.0;2.5900;"";0.0000;16.0000;1055
"BIZCOCHOS";"";"FUENTES PLANAS BARRO ROJO";5.1000;0.0;5.1000;"";1.0000;16.0000;945
"BIZCOCHOS";"";"GAZPACHERA BARRO BLANCO";2.8200;0.0;2.8200;"";1.0000;16.0000;962
"BIZCOCHOS";"928";"GAZPACHERA BARRO ROJO";3.6000;0.0;3.6000;"";1.0000;16.0000;928
"BIZCOCHOS";"A030";"JARRA BARRO BLANCO";1.4000;0.0;1.4000;"UN.";0.4250;16.0000;2283
"BIZCOCHOS";"2/0109P";"JARRA PEQUEÑA LECHE";1.1600;0.0;1.1600;"UN";0.2380;16.0000;2282
"BIZCOCHOS";"";"JARRAS CERVECERA BARRO BLANCO";1.2000;0.0;1.2000;"";1.0000;16.0000;971
"BIZCOCHOS";"";"JARRAS GRANDES BARRO BLANCO";3.4000;0.0;3.4000;"";1.0000;16.0000;972
"BIZCOCHOS";"";"JARRAS GRANDES BARRO ROJO";3.4000;0.0;3.4000;"";1.0000;16.0000;943
"BIZCOCHOS";"";"JARRAS PEQUEÑAS BARRO BLANCO";2.3000;0.0;2.3000;"";1.0000;16.0000;973
"BIZCOCHOS";"";"JARRAS PEQUEÑAS BARRO ROJO";2.3000;0.0;2.3000;"";1.0000;16.0000;944
"BIZCOCHOS";"1766";"JARRON BARRO ROJO";6.9000;0.0;6.9000;"";0.0000;16.0000;1766
"BIZCOCHOS";"";"JOYEROS BARRO BLANCO";1.7900;0.0;1.7900;"";1.0000;16.0000;982
"BIZCOCHOS";"";"JUEGO DE TÉ BARRO BLANCO";18.0000;0.0;18.0000;"";1.0000;16.0000;969
"BIZCOCHOS";"";"JUEGO DE TÉ BARRO ROJO";18.0000;0.0;18.0000;"";1.0000;16.0000;941
"BIZCOCHOS";"1712";"JUEGO GAZPACHERA BARRO BLANCO";11.0000;0.0;11.0000;"";0.0000;16.0000;1712
"BIZCOCHOS";"1056";"JUEGO GAZPACHERA BARRO ROJO";11.0000;0.0;11.0000;"";0.0000;16.0000;1056
"BIZCOCHOS";"";"JUEGO LAVABO GRANDE BARRO BLANCO";16.8000;0.0;16.8000;"";1.0000;16.0000;978
"BIZCOCHOS";"";"JUEGO LAVABO GRANDE BARRO ROJO";10.8000;0.0;10.8000;"";1.0000;16.0000;959
"BIZCOCHOS";"";"JUEGO LAVABO PEQ. BARRO BLANCO";12.5300;0.0;12.5300;"";1.0000;16.0000;979
"BIZCOCHOS";"";"JUEGO LAVABO PEQ. BARRO ROJO";7.2000;0.0;7.2000;"";1.0000;16.0000;960
"BIZCOCHOS";"1037";"LAPICERO BARRO BLANCO";0.8600;0.0;0.8600;"";0.0000;16.0000;1037
"BIZCOCHOS";"";"LAPICERO BARRO ROJO";0.9000;0.0;0.9000;"";1.0000;16.0000;942
"BIZCOCHOS";"";"LECHERA GRANDE BARRO BLANCO";1.7000;0.0;1.7000;"";1.0000;16.0000;967
"BIZCOCHOS";"";"LECHERA GRANDE BARRO ROJO";1.8000;0.0;1.8000;"";1.0000;16.0000;938
"BIZCOCHOS";"";"LECHERA PEQUEÑA BARRO ROJO";1.7000;0.0;1.7000;"";1.0000;16.0000;939
"BIZCOCHOS";"2281";"LETREROS BARRO BLANCO";0.7000;0.0;0.7000;"";0.0850;16.0000;2281
"BIZCOCHOS";"1345";"MACETERO BARRO ROJO";0.8600;0.0;0.8600;"";0.0000;16.0000;1345
"BIZCOCHOS";"1464";"MOLDES CERAMICOS";0.0000;0.0;0.0000;"UN";5.0000;16.0000;1464
"BIZCOCHOS";"";"PALMATORIAS PEQ. BARRO ROJO";1.1000;0.0;1.1000;"";1.0000;16.0000;958
"BIZCOCHOS";"1783";"PLATO CUADRADO BARRO BLANCO";1.4300;0.0;1.4300;"";0.0000;16.0000;1783
"BIZCOCHOS";"4/PCU-T02";"PLATO CUADRADO PCUT02";2.6000;0.0;2.6000;"";0.6500;16.0000;2278
"BIZCOCHOS";"";"PLATO LAVABO BARRO ROJO";24.0000;0.0;24.0000;"";1.0000;16.0000;961
"BIZCOCHOS";"1784";"PLATO LLANO BARRO BLANCO";1.7700;0.0;1.7700;"UN";0.0000;16.0000;1784
"BIZCOCHOS";"3745";"PLATOS LLANOS VAJILLA BARRO ROJO GRANDES";2.4000;0.0;2.4000;"UN";1.3000;16.0000;3745
"BIZCOCHOS";"";"PLATOS LLANOS VAJILLA BARRO ROJO MEDIANOS";1.5000;0.0;1.5000;"";1.0000;16.0000;948
"BIZCOCHOS";"3744";"PLATOS POSTRE VAJILLA BARRO ROJO";1.3800;0.0;1.3800;"UN";0.5000;16.0000;3744
"BIZCOCHOS";"";"PLATOS SOPEROS VAJILLA BARRO ROJO";1.3800;0.0;1.3800;"";1.0000;16.0000;949
"BIZCOCHOS";"";"PLATOS TAZONES BARRO ROJO";0.9000;0.0;0.9000;"";1.0000;16.0000;931
"BIZCOCHOS";"";"PLATO TAZA DE TÉ BARRO BLANCO";0.4600;0.0;0.4600;"";1.0000;16.0000;965
"BIZCOCHOS";"";"PLATO TAZA DE TÉ BARRO ROJO";0.8000;0.0;0.8000;"";1.0000;16.0000;935
"BIZCOCHOS";"";"SALEROS BARRO ROJO";1.5000;0.0;1.5000;"";1.0000;16.0000;955
"BIZCOCHOS";"";"SOPERA BARRO ROJO";7.0000;0.0;7.0000;"";1.0000;16.0000;950
"BIZCOCHOS";"1713";"TAZA DE CAFE BARRO ROJO";1.0000;0.0;1.0000;"";1.0000;16.0000;1713
"BIZCOCHOS";"";"TAZA DE TÉ BARRO BLANCO";0.8620;0.0;0.8620;"";1.0000;16.0000;964
"BIZCOCHOS";"";"TAZA DE TÉ BARRO ROJO";1.0000;0.0;1.0000;"";1.0000;16.0000;934
"BIZCOCHOS";"1233";"TAZA INFUSION BARRO BLANCO";1.0300;0.0;1.0300;"";0.1250;16.0000;1233
"BIZCOCHOS";"1710";"TAZA INFUSION BARRO BLANCO GR.";1.3200;0.0;1.3200;"KG";0.0000;16.0000;1710
"BIZCOCHOS";"";"TAZAS INFUSIONES BARRO ROJO";1.5000;0.0;1.5000;"";1.0000;16.0000;932
"BIZCOCHOS";"";"TAZONES BARRO ROJO";1.6000;0.0;1.6000;"";1.0000;16.0000;930
"BIZCOCHOS";"";"TETERA GRANDE BARRO BLANCO";2.5860;0.0;2.5860;"";1.0000;16.0000;966
"BIZCOCHOS";"";"TETERA GRANDE BARRO ROJO";4.0000;0.0;4.0000;"";1.0000;16.0000;936
"BIZCOCHOS";"";"TETERA PEQUEÑA BARRO ROJO";3.5000;0.0;3.5000;"";1.0000;16.0000;937
"BIZCOCHOS";"1778";"TETERA PEQUEÑA CON TAZA BARRO BLANCO";1.7240;0.0;1.7240;"";0.0000;16.0000;1779
"BIZCOCHOS";"";"TIBORES BARRO ROJO";3.0000;0.0;3.0000;"";1.0000;16.0000;957
"BIZCOCHOS";"1671";"TIBOR GRANDE BARRO BLANCO";3.4500;0.0;3.4500;"";0.0000;16.0000;1671
"BIZCOCHOS";"1672";"TIBOR PEQ. BARRO BLANCO";2.5900;0.0;2.5900;"";0.0000;16.0000;1672
"BIZCOCHOS";"";"VASOS BARRO BLANCO";1.0000;0.0;1.0000;"";1.0000;16.0000;970
"BIZCOCHOS";"1786";"VUELVE TORTILLAS BARRO BLANCO";2.5860;0.0;2.5860;"";0.0000;16.0000;1786
"EMBALAJES";"1231";"EMBALAJE CABINA CPA";124.0000;0.0;124.0000;"";0.0000;16.0000;1231
"EMBALAJES";"1230";"EMBALAJE CABINA CPG";87.0000;0.0;87.0000;"";0.0000;16.0000;1230
"EMBALAJES";"1229";"EMBALAJE CABINA CPP";33.0000;0.0;33.0000;"";0.0000;16.0000;1229
"EMBALAJES";"2214";"EMBALAJE GALLETERA TRIFASICA " FORNS "";31.0000;0.0;31.0000;"";0.0000;16.0000;2214
"EMBALAJES";"1214";"EMBALAJE HORNO ALFA-BETA-DELTA-135";90.0000;0.0;90.0000;"";0.0000;16.0000;1214
"EMBALAJES";"1215";"EMBALAJE HORNO ALFA-BETA-DELTA-210";129.0000;0.0;129.0000;"";0.0000;16.0000;1215
"EMBALAJES";"1216";"EMBALAJE HORNO ALFA-BETA-DELTA-410";126.0000;0.0;126.0000;"";0.0000;16.0000;1216
"EMBALAJES";"1217";"EMBALAJE HORNO ALFA-BETA-DELTA-500";139.0000;0.0;139.0000;"";0.0000;16.0000;1217
"EMBALAJES";"1212";"EMBALAJE HORNO ALFA-BETA-DELTA-51";76.0000;0.0;76.0000;"";0.0000;16.0000;1212
"EMBALAJES";"1213";"EMBALAJE HORNO ALFA-BETA-DELTA-80";89.0000;0.0;89.0000;"";0.0000;16.0000;1213
"EMBALAJES";"1105";"EMBALAJE HORNO BENJAMIN-1-3";24.0000;0.0;24.0000;"";0.0000;16.0000;1105
"EMBALAJES";"1106";"EMBALAJE HORNO BENJAMIN-4";32.0000;0.0;32.0000;"";0.0000;16.0000;1106
"EMBALAJES";"1107";"EMBALAJE HORNO BENJAMIN-5";32.0000;0.0;32.0000;"";0.0000;16.0000;1107
"EMBALAJES";"1108";"EMBALAJE HORNO BENJAMIN-6";35.0000;0.0;35.0000;"";0.0000;16.0000;1108
"EMBALAJES";"1659";"EMBALAJE HORNO BENJAMIN-7";45.0000;0.0;45.0000;"";0.0000;16.0000;1659
"EMBALAJES";"2211";"EMBALAJE HORNO GAMMA-140 ";102.0000;0.0;102.0000;"";0.0000;16.0000;2211
"EMBALAJES";"2212";"EMBALAJE HORNO GAMMA-285";142.0000;0.0;142.0000;"";0.0000;16.0000;2212
"EMBALAJES";"2210";"EMBALAJE HORNO GAMMA-70";38.0000;0.0;38.0000;"";0.0000;16.0000;2210
"EMBALAJES";"1219";"EMBALAJE HORNO HG-150";167.0000;0.0;167.0000;"";0.0000;16.0000;1219
"EMBALAJES";"1220";"EMBALAJE HORNO HG-300";208.0000;0.0;208.0000;"";0.0000;16.0000;1220
"EMBALAJES";"1221";"EMBALAJE HORNO HG-500";220.0000;0.0;220.0000;"";0.0000;16.0000;1221
"EMBALAJES";"1218";"EMBALAJE HORNO HG-80";165.0000;0.0;165.0000;"";0.0000;16.0000;1218
"EMBALAJES";"1226";"EMBALAJE HORNO HGC-80";95.0000;0.0;95.0000;"";0.0000;16.0000;1226
"EMBALAJES";"1224";"EMBALAJE HORNO HGP-120";91.0000;0.0;91.0000;"";0.0000;16.0000;1224
"EMBALAJES";"1225";"EMBALAJE HORNO HGP-200";103.0000;0.0;103.0000;"";0.0000;16.0000;1225
"EMBALAJES";"1222";"EMBALAJE HORNO HGP-45";32.0000;0.0;32.0000;"";0.0000;16.0000;1222
"EMBALAJES";"1223";"EMBALAJE HORNO HGP-75";87.0000;0.0;87.0000;"";0.0000;16.0000;1223
"EMBALAJES";"1110";"EMBALAJE HORNO PLUTÓN-1-2";24.0000;0.0;24.0000;"";0.0000;16.0000;1110
"EMBALAJES";"2209";"EMBALAJE HORNO PLUTÓN-3-4";32.0000;0.0;32.0000;"";0.0000;16.0000;2209
"EMBALAJES";"1111";"EMBALAJE HORNO PLUTÓN-5-6";40.0000;0.0;40.0000;"";0.0000;16.0000;1111
"EMBALAJES";"1227";"EMBALAJE LAMINADORA";20.0000;0.0;20.0000;"";0.0000;16.0000;1227
"EMBALAJES";"1109";"EMBALAJE MESA HORNO BENJAMIN";20.0000;0.0;20.0000;"";0.0000;16.0000;1109
"EMBALAJES";"2267";"EMBALAJES COMODIN";55.2600;0.0;55.2600;"";0.0000;16.0000;2267
"EMBALAJES";"3800";"EMBALAJES EXTRUSIONADORA GRANDE (MANS)";167.0000;0.0;167.0000;"";0.0000;16.0000;3800
"EMBALAJES";"3798";"EMBALAJES EXTURUSIONADORA PEQUEÑA (MANS)";84.0000;0.0;84.0000;"";0.0000;16.0000;3798
"EMBALAJES";"1760";"EMBALAJES HORNO SBM 150";100.0000;0.0;100.0000;"";0.0000;16.0000;1760
"EMBALAJES";"1761";"EMBALAJES HORNO SBM 200";105.0000;0.0;105.0000;"";0.0000;16.0000;1761
"EMBALAJES";"1762";"EMBALAJES HORNO SBM 300";117.0000;0.0;117.0000;"";0.0000;16.0000;1762
"EMBALAJES";"1228";"EMBALAJE TORNO "FORNS"";21.5000;0.0;21.5000;"";0.0000;16.0000;1408
"EMBALAJES";"1228";"EMBALAJE TORNO "TECNOPIRO"";20.0000;0.0;20.0000;"";0.0000;16.0000;1228
"ENGOBES";"2";"ENGOBE-02  AMARILLO 500gr";2.0000;0.0;2.0000;"KG";0.5000;16.0000;326
"ENGOBES";"3";"ENGOBE-03  BEIGE  500gr";1.7400;0.0;1.7400;"KG";0.5000;16.0000;327
"ENGOBES";"4";"ENGOBE-04  NARANJA 500gr";2.2400;0.0;2.2400;"KG";0.5000;16.0000;328
"ENGOBES";"5";"ENGOBE-05 MARRÓN  500gr";2.1900;0.0;2.1900;"KG";0.5000;16.0000;329
"ENGOBES";"6";"ENGOBE-06 VERDE CLARO 500gr";2.1900;0.0;2.1900;"KG";0.5000;16.0000;330
"ENGOBES";"6";"ENGOBE-06 VERDE CLARO 500gr";2.1900;100.0000;2.2500;"KG";0.5000;16.0000;330
"ENGOBES";"2376";"ENGOBE-07 VERDE OSCURO  25kg";78.7400;0.0;78.7400;"KG";25.0000;16.0000;2376
"ENGOBES";"7";"ENGOBE-07 VERDE OSCURO  500gr";2.1800;0.0;2.1800;"KG";0.5000;16.0000;1042
"ENGOBES";"8";"ENGOBE-08 TURQUESA  500gr";2.4700;0.0;2.4700;"KG";0.5000;16.0000;332
"ENGOBES";"9";"ENGOBE-09  AZUL COBALTO  500gr";9.5000;0.0;9.5000;"KG";0.5000;16.0000;333
"ENGOBES";"10";"ENGOBE-10  CARMÍN   500gr";2.6600;0.0;2.6600;"KG";0.5000;16.0000;334
"ENGOBES";"11";"ENGOBE-11 NEGRO  500gr";3.1900;0.0;3.1900;"KG";0.5000;16.0000;335
"ENGOBES";"5000";"ENGOBE 5000 BLANCO ALFARERO";0.8100;0.0;0.8100;"KG";1.0000;16.0000;2240
"ENGOBES";"5000";"ENGOBE 5000 BLANCO ALFARERO";0.8100;25.0000;0.6300;"KG";1.0000;16.0000;2240
"ENGOBES";"";"ENGOBE AZUL AÑIL PREP. 500gr";2.8600;0.0;2.8600;"KG";0.5000;16.0000;337
"ENGOBES";"";"ENGOBE BLANCO BISBAL 25KG";14.5800;0.0;14.5800;"KG";25.0000;16.0000;325
"ENGOBES";"EGM-20";"ENGOBE BLANCO EGM-20";0.8900;0.0;0.8900;"KG";1.0000;16.0000;323
"ENGOBES";"EGM-20";"ENGOBE BLANCO EGM-20";0.8900;25.0000;0.6900;"KG";1.0000;16.0000;323
"ENGOBES";"AEL1/39";"ENGOBE BLANCO / FUND. AEL1/39";2.6800;0.0;2.6800;"KG";1.0000;16.0000;321
"ENGOBES";"AEL1/39";"ENGOBE BLANCO / FUND. AEL1/39";2.6800;25.0000;2.6200;"KG";1.0000;16.0000;321
"ENGOBES";"EN-128";"ENGOBE EN-128 NEGRO";1.7300;0.0;1.7300;"KG";1.0000;16.0000;2308
"ENGOBES";"EN-128";"ENGOBE EN-128 NEGRO";1.7300;25.0000;1.4700;"KG";1.0000;16.0000;2308
"ENGOBES";"EN-128";"ENGOBE EN-128 NEGRO";1.7300;100.0000;1.1400;"KG";1.0000;16.0000;2308
"ENGOBES";"";"ENGOBE KIT DE 10 COLORES  500gr cada";31.6400;0.0;31.6400;"KG";5.0000;16.0000;336
"ENGOBES";"5350";"ENGOBE NEGRO 5350";2.1200;0.0;2.1200;"KG";1.0000;16.0000;1059
"ENGOBES";"5350";"ENGOBE NEGRO 5350";2.1200;25.0000;1.4100;"KG";1.0000;16.0000;1059
"ENGOBES";"5350";"ENGOBE NEGRO 5350";2.1200;100.0000;1.1700;"KG";1.0000;16.0000;1059
"ENGOBES";"DI-NEGRO";"SOCARRAT DI- NEGRO";1.7600;0.0;1.7600;"KG";1.0000;16.0000;1645
"ENGOBES";"DI-NEGRO";"SOCARRAT DI- NEGRO";1.7600;25.0000;1.5700;"KG";1.0000;16.0000;1645
"ENGOBES";"DI-ROJO";"SOCARRAT DI- ROJO";1.7600;0.0;1.7600;"KG";1.0000;16.0000;1644
"ENGOBES";"DI-ROJO";"SOCARRAT DI- ROJO";1.7600;25.0000;1.5700;"KG";1.0000;16.0000;1644
"ESMALTE REFLEJO METÁLICO";"RM-2";"ESMALTE REFLEJO METÁLICO AZUL RM-2";5.9600;0.0;5.9600;"KG";1.0000;16.0000;378
"ESMALTE REFLEJO METÁLICO";"RM-2";"ESMALTE REFLEJO METÁLICO AZUL RM-2";5.9600;25.0000;4.7700;"KG";1.0000;16.0000;378
"ESMALTE REFLEJO METÁLICO";"RM-4";"ESMALTE REFLEJO METÁLICO COBRE RM-4";2.8200;0.0;2.8200;"KG";1.0000;16.0000;379
"ESMALTE REFLEJO METÁLICO";"RM-4";"ESMALTE REFLEJO METÁLICO COBRE RM-4";2.8200;25.0000;2.2600;"KG";1.0000;16.0000;379
"ESMALTE REFLEJO METÁLICO";"RM-5";"ESMALTE REFLEJO METÁLICO DORADO RM-5";4.1200;0.0;4.1200;"KG";1.0000;16.0000;380
"ESMALTE REFLEJO METÁLICO";"RM-5";"ESMALTE REFLEJO METÁLICO DORADO RM-5";4.1200;25.0000;3.3000;"KG";1.0000;16.0000;380
"ESMALTES BLANCOS";"5148";"ESMALTE BLANCO 5148";3.1400;0.0;3.1400;"KG";1.0000;16.0000;1337
"ESMALTES BLANCOS";"AEO 2/68";"ESMALTE  BLANCO ANTIGUO AEO 2/68";2.3000;0.0;2.3000;"KG";1.0000;16.0000;215
"ESMALTES BLANCOS";"AEO 2/68";"ESMALTE  BLANCO ANTIGUO AEO 2/68";2.3000;25.0000;1.9500;"KG";1.0000;16.0000;215
"ESMALTES BLANCOS";"AEO 2/68";"ESMALTE  BLANCO ANTIGUO AEO 2/68";2.3000;100.0000;1.6000;"KG";1.0000;16.0000;215
"ESMALTES BLANCOS";"S. XV";"ESMALTE  BLANCO ANTIGUO S.XV";3.5200;0.0;3.5200;"KG";1.0000;16.0000;904
"ESMALTES BLANCOS";"S. XVIII";"ESMALTE BLANCO ANTIGUO S.XVIII";3.4400;0.0;3.4400;"KG";1.0000;16.0000;220
"ESMALTES BLANCOS";"S. XVIII";"ESMALTE BLANCO ANTIGUO S.XVIII";3.4400;25.0000;2.9200;"KG";1.0000;16.0000;220
"ESMALTES BLANCOS";"S. XVIII";"ESMALTE BLANCO ANTIGUO S.XVIII";3.4400;100.0000;2.2300;"KG";1.0000;16.0000;220
"ESMALTES BLANCOS";"AEO 4/0";"ESMALTE BLANCO CRAQUELE AEO 4/0";2.4400;0.0;2.4400;"KG";1.0000;16.0000;216
"ESMALTES BLANCOS";"AEO 4/0";"ESMALTE BLANCO CRAQUELE AEO 4/0";2.4400;25.0000;2.0800;"KG";1.0000;16.0000;216
"ESMALTES BLANCOS";"AEO 4/0";"ESMALTE BLANCO CRAQUELE AEO 4/0";2.4400;100.0000;1.7100;"KG";1.0000;16.0000;216
"ESMALTES BLANCOS";"PR-61-D";"ESMALTE  BLANCO CRAQUELE PR 61-D";2.7900;0.0;2.7900;"KG";1.0000;16.0000;221
"ESMALTES BLANCOS";"PR-61-D";"ESMALTE  BLANCO CRAQUELE PR 61-D";2.7900;25.0000;2.2400;"KG";1.0000;16.0000;221
"ESMALTES BLANCOS";"PR-61-D";"ESMALTE  BLANCO CRAQUELE PR 61-D";2.7900;100.0000;1.9000;"KG";1.0000;16.0000;221
"ESMALTES BLANCOS";"PR 21 - G";"ESMALTE  BLANCO FUNDENTE PR-21-G";1.5600;0.0;1.5600;"KG";1.0000;16.0000;219
"ESMALTES BLANCOS";"PR 21 - G";"ESMALTE  BLANCO FUNDENTE PR-21-G";1.5600;25.0000;1.1500;"KG";1.0000;16.0000;219
"ESMALTES BLANCOS";"PR 21 - G";"ESMALTE  BLANCO FUNDENTE PR-21-G";1.5600;100.0000;1.0500;"KG";1.0000;16.0000;219
"ESMALTES BLANCOS";"VBC-32";"ESMALTE  BLANCO FUNDENTE VBC-32";2.1400;0.0;2.1400;"KG";1.0000;16.0000;214
"ESMALTES BLANCOS";"VBC-32";"ESMALTE  BLANCO FUNDENTE VBC-32";2.1400;25.0000;1.8200;"KG";1.0000;16.0000;214
"ESMALTES BLANCOS";"VBC-32";"ESMALTE  BLANCO FUNDENTE VBC-32";2.1400;100.0000;1.5100;"KG";1.0000;16.0000;214
"ESMALTES BLANCOS";"AEM 1/12 - N";"ESMALTE  BLANCO MATE AEM 1/12-N kg";5.0200;0.0;5.0200;"KG";1.0000;16.0000;217
"ESMALTES BLANCOS";"AEM 1/12 - N";"ESMALTE  BLANCO MATE AEM 1/12-N kg";5.0200;25.0000;4.2700;"KG";1.0000;16.0000;217
"ESMALTES BLANCOS";"M-9011";"ESMALTE  BLANCO MATE M-9011";4.6900;0.0;4.6900;"KG";1.0000;16.0000;223
"ESMALTES BLANCOS";"M-9011";"ESMALTE  BLANCO MATE M-9011";4.6900;25.0000;3.9800;"KG";1.0000;16.0000;223
"ESMALTES BLANCOS";"M-9011";"ESMALTE  BLANCO MATE M-9011";4.6900;100.0000;3.0300;"KG";1.0000;16.0000;223
"ESMALTES BLANCOS";"ES-707/38";"ESMALTE BLANCO OPACO POLVO *";2.3200;0.0;2.3200;"KG";1.0000;16.0000;3624
"ESMALTES BLANCOS";"ES-707/38";"ESMALTE BLANCO OPACO POLVO *";2.3200;25.0000;1.8600;"KG";1.0000;16.0000;3624
"ESMALTES BLANCOS";"ES-707/38";"ESMALTE BLANCO OPACO POLVO *";2.3200;100.0000;1.3600;"KG";1.0000;16.0000;3624
"ESMALTES BLANCOS";"PR-210";"ESMALTE BLANCO OPACO PR-210";4.9500;0.0;4.9500;"kg";1.0000;16.0000;3827
"ESMALTES BLANCOS";"PR-210";"ESMALTE BLANCO OPACO PR-210";4.9500;25.0000;4.6800;"kg";1.0000;16.0000;3827
"ESMALTES BLANCOS";"PR-23";"ESMALTE BLANCO PR-23";2.8100;0.0;2.8100;"KG";1.0000;16.0000;218
"ESMALTES BLANCOS";"PR-23";"ESMALTE BLANCO PR-23";2.8100;25.0000;2.2600;"KG";1.0000;16.0000;218
"ESMALTES BLANCOS";"PR-23";"ESMALTE BLANCO PR-23";2.8100;100.0000;1.6500;"KG";1.0000;16.0000;218
"ESMALTES BLANCOS";"PRL-2";"ESMALTE BLANCO SEMI MATE PRL-2";2.4400;0.0;2.4400;"KG";1.0000;16.0000;672
"ESMALTES BLANCOS";"1/B";"ESMALTE  BLANCO SIN PLOMO 1/B";2.7400;0.0;2.7400;"KG";1.0000;16.0000;222
"ESMALTES BLANCOS";"1/B";"ESMALTE  BLANCO SIN PLOMO 1/B";2.7400;25.0000;2.0000;"KG";1.0000;16.0000;222
"ESMALTES BLANCOS";"1/B";"ESMALTE  BLANCO SIN PLOMO 1/B";2.7400;100.0000;1.7800;"KG";1.0000;16.0000;222
"ESMALTES BLANCOS";"VBC-455";"ESMALTE  BLANCO  VBC-455";2.0200;0.0;2.0200;"KG";1.0000;16.0000;213
"ESMALTES BLANCOS";"VBC-455";"ESMALTE  BLANCO  VBC-455";2.0200;25.0000;1.7200;"KG";1.0000;16.0000;213
"ESMALTES BLANCOS";"VBC-455";"ESMALTE  BLANCO  VBC-455";2.0200;100.0000;1.4100;"KG";1.0000;16.0000;213
"ESMALTES DE ALFARERÍA";"ATP 1/62";"ESMALTE ALFAR.  ATP 1/62 (=7/2) AZUL COBALTO";5.8700;0.0;5.8700;"KG";1.0000;16.0000;2366
"ESMALTES DE ALFARERÍA";"ATP 1/62";"ESMALTE ALFAR.  ATP 1/62 (=7/2) AZUL COBALTO";5.8700;25.0000;4.8900;"KG";1.0000;16.0000;2366
"ESMALTES DE ALFARERÍA";"ATP 1/62";"ESMALTE ALFAR.  ATP 1/62 (=7/2) AZUL COBALTO";5.8700;100.0000;3.8200;"KG";1.0000;16.0000;2366
"ESMALTES DE ALFARERÍA";"5008";"ESMALTE ALFARERÍA 5008 AZUL COB";6.7000;0.0;6.7000;"KG";1.0000;16.0000;237
"ESMALTES DE ALFARERÍA";"5008";"ESMALTE ALFARERÍA 5008 AZUL COB";6.7000;25.0000;5.3600;"KG";1.0000;16.0000;237
"ESMALTES DE ALFARERÍA";"5008";"ESMALTE ALFARERÍA 5008 AZUL COB";6.7000;100.0000;4.3700;"KG";1.0000;16.0000;237
"ESMALTES DE ALFARERÍA";"5045-4";"ESMALTE ALFARERÍA 5045 - 4  VERDE";4.1900;0.0;4.1900;"KG";1.0000;16.0000;234
"ESMALTES DE ALFARERÍA";"5045-4";"ESMALTE ALFARERÍA 5045 - 4  VERDE";4.1900;25.0000;3.3700;"KG";1.0000;16.0000;234
"ESMALTES DE ALFARERÍA";"5045-4";"ESMALTE ALFARERÍA 5045 - 4  VERDE";4.1900;100.0000;2.7300;"KG";1.0000;16.0000;234
"ESMALTES DE ALFARERÍA";"5281";"ESMALTE ALFARERÍA 5281 VERDE";5.5100;0.0;5.5100;"KG";1.0000;16.0000;235
"ESMALTES DE ALFARERÍA";"5281";"ESMALTE ALFARERÍA 5281 VERDE";5.5100;25.0000;4.6900;"KG";1.0000;16.0000;235

